"Chromosome"	"rsid"	"Position     (bp, b37)"	"MR-MEGA heterogeneity P-values"	"Residual"	"Risk"	"Other"	"Effective_sample_size"	"EAF"	"Log-OR"	"SE"	"pval"
1	"rs12402498"	6673780	"3.6E-01"	"8.9E-01"	"G"	"C"	"751,755"	0.334	"0.0338"	"0.0039"	4.3e-18
1	"rs10927878"	16319957	"1.4E-01"	"5.8E-01"	"C"	"T"	"751,755"	0.68	"0.0220"	"0.0039"	2.6e-08
1	"rs10916784"	20729451	"2.1E-01"	"4.0E-01"	"G"	"C"	"751,755"	0.597	"0.0285"	"0.0038"	3.8e-14
1	"rs61776586"	26438933	"4.3E-01"	"3.1E-01"	"T"	"C"	"751,755"	0.834	"0.0323"	"0.0050"	8.4e-11
1	"rs3768321"	40035928	"4.2E-02"	"6.5E-01"	"T"	"G"	"751,755"	0.194	"0.0715"	"0.0047"	1e-52
1	"rs35042446"	40703244	"8.0E-01"	"6.3E-01"	"A"	"G"	"751,755"	0.033	"0.0617"	"0.0108"	1.2e-08
1	"rs12063943"	51223263	"7.2E-02"	"9.3E-01"	"T"	"C"	"751,755"	0.913	"0.0633"	"0.0066"	1.2e-21
1	"rs12140153"	62579891	"4.1E-02"	"2.0E-01"	"G"	"T"	"751,755"	0.908	"0.0519"	"0.0065"	2.1e-15
1	"rs10789175"	65662981	"9.8E-01"	"9.6E-01"	"G"	"A"	"751,755"	0.33	"0.0224"	"0.0039"	1.2e-08
1	"rs2815749"	72814783	"1.1E-01"	"7.4E-01"	"G"	"A"	"751,755"	0.819	"0.0394"	"0.0049"	4.8e-16
1	"rs4970658"	82465778	"3.6E-01"	"1.8E-01"	"A"	"G"	"751,755"	0.26	"0.0232"	"0.0042"	3.9e-08
1	"rs6604014"	93215718	"1.2E-04"	"2.6E-01"	"T"	"C"	"751,755"	0.369	"0.0235"	"0.0038"	8e-10
1	"rs1127215"	117532790	"2.0E-03"	"5.3E-01"	"C"	"T"	"751,755"	0.594	"0.0443"	"0.0038"	3e-32
1	"rs1146297"	117910682	"9.9E-04"	"6.2E-01"	"A"	"G"	"751,755"	0.758	"0.0248"	"0.0043"	1e-08
1	"rs320369"	118143517	"5.9E-01"	"2.0E-01"	"A"	"G"	"751,755"	0.326	"0.0347"	"0.0040"	1.6e-18
1	"rs116279971"	150684486	"4.3E-01"	"4.5E-01"	"T"	"C"	"751,755"	0.986	"0.1459"	"0.0173"	2.9e-17
1	"rs2227199"	172359780	"7.2E-01"	"5.9E-01"	"A"	"G"	"751,755"	0.432	"0.0248"	"0.0037"	2.8e-11
1	"rs539515"	177889025	"2.5E-01"	"6.4E-01"	"C"	"A"	"751,755"	0.192	"0.0386"	"0.0047"	1.5e-16
1	"rs2816177"	179248952	"1.1E-01"	"8.7E-01"	"G"	"A"	"751,755"	0.408	"0.0229"	"0.0037"	9.2e-10
1	"rs10920270"	201856521	"4.8E-04"	"1.7E-01"	"C"	"G"	"712,262"	0.727	"0.0321"	"0.0043"	5e-14
1	"rs13303359"	203518873	"4.0E-01"	"2.1E-01"	"A"	"C"	"711,146"	0.487	"0.0247"	"0.0039"	2.8e-10
1	"rs4951159"	205012106	"1.1E-01"	"9.0E-01"	"C"	"G"	"712,262"	0.904	"0.0398"	"0.0067"	2.2e-09
1	"rs340874"	214159256	"9.7E-06"	"5.0E-01"	"C"	"T"	"712,262"	0.533	"0.0626"	"0.0038"	2.3e-60
1	"rs348330"	229672955	"7.7E-01"	"7.3E-01"	"G"	"A"	"712,262"	0.363	"0.0466"	"0.0040"	1.7e-31
2	"rs35142762"	636790	"2.4E-05"	"4.5E-01"	"T"	"C"	"751,755"	0.828	"0.0460"	"0.0049"	6.6e-21
2	"rs4668481"	16229032	"2.4E-04"	"6.1E-01"	"A"	"C"	"751,755"	0.339	"0.0233"	"0.0039"	3.3e-09
2	"rs11680058"	16574669	"1.0E-01"	"2.5E-01"	"A"	"G"	"751,755"	0.858	"0.0471"	"0.0059"	1.5e-15
2	"rs1260326"	27730940	"1.5E-02"	"2.6E-03"	"C"	"T"	"751,755"	0.602	"0.0588"	"0.0038"	1.2e-54
2	"rs11124906"	43197221	"3.5E-01"	"3.4E-01"	"G"	"C"	"751,755"	0.614	"0.0250"	"0.0038"	7.6e-11
2	"rs76675804"	43611883	"2.9E-01"	"4.7E-01"	"T"	"C"	"751,755"	0.907	"0.1143"	"0.0065"	1.4e-68
2	"rs243018"	60586707	"2.7E-01"	"6.2E-01"	"G"	"C"	"751,755"	0.457	"0.0547"	"0.0037"	5.3e-49
2	"rs12185610"	65661468	"6.1E-01"	"1.9E-01"	"A"	"C"	"751,755"	0.605	"0.0426"	"0.0038"	1.8e-29
2	"rs12713597"	67621067	"9.8E-01"	"9.7E-01"	"T"	"C"	"751,755"	0.332	"0.0227"	"0.0039"	7.1e-09
2	"rs10496386"	105190420	"1.0E-01"	"5.2E-01"	"G"	"A"	"751,755"	0.542	"0.0204"	"0.0037"	4.5e-08
2	"rs72836348"	111888043	"8.4E-01"	"9.6E-01"	"G"	"A"	"751,755"	0.886	"0.0474"	"0.0060"	2.1e-15
2	"rs2244214"	120282015	"6.4E-01"	"6.4E-01"	"T"	"C"	"751,755"	0.47	"0.0240"	"0.0037"	1.3e-10
2	"rs11688682"	121347612	"1.6E-01"	"2.7E-01"	"G"	"C"	"751,755"	0.73	"0.0491"	"0.0044"	1.5e-29
2	"rs6705150"	145256545	"9.5E-03"	"3.6E-01"	"C"	"T"	"751,755"	0.276	"0.0279"	"0.0042"	2.6e-11
2	"rs7609422"	146348037	"7.7E-01"	"9.3E-01"	"G"	"A"	"751,755"	0.404	"0.0259"	"0.0038"	6.7e-12
2	"rs7594480"	158390468	"2.6E-01"	"6.0E-01"	"T"	"C"	"751,755"	0.935	"0.0577"	"0.0075"	1.6e-14
2	"rs10184004"	165508389	"7.9E-01"	"1.4E-02"	"C"	"T"	"751,755"	0.597	"0.0634"	"0.0038"	9.9e-64
2	"rs3791848"	166613243	"5.1E-01"	"1.7E-01"	"T"	"G"	"751,755"	0.496	"0.0259"	"0.0037"	2.1e-12
2	"rs72917544"	175241566	"9.1E-03"	"8.9E-01"	"G"	"A"	"751,755"	0.824	"0.0322"	"0.0049"	4e-11
2	"rs12467798"	181567192	"8.9E-01"	"7.8E-01"	"A"	"C"	"751,755"	0.637	"0.0274"	"0.0038"	8e-13
2	"rs10198943"	196703316	"4.1E-02"	"1.5E-01"	"C"	"T"	"751,755"	0.369	"0.0240"	"0.0038"	3.4e-10
2	"rs1991371"	203418537	"1.5E-02"	"1.9E-01"	"A"	"G"	"712,262"	0.12	"0.0343"	"0.0058"	3e-09
2	"rs4482463"	205375909	"2.0E-02"	"6.0E-01"	"C"	"A"	"712,262"	0.082	"0.0456"	"0.0072"	2.4e-10
2	"rs16849467"	213818731	"2.7E-01"	"2.7E-01"	"T"	"C"	"712,262"	0.695	"0.0281"	"0.0041"	1.2e-11
2	"rs78058190"	219699999	"8.2E-01"	"2.6E-01"	"A"	"G"	"711,460"	0.063	"0.0726"	"0.0087"	8.3e-17
2	"rs2203452"	227094758	"1.8E-03"	"3.0E-01"	"G"	"A"	"712,262"	0.64	"0.0852"	"0.0040"	1.4e-102
2	"rs13022070"	228983870	"7.0E-02"	"6.0E-01"	"G"	"A"	"712,262"	0.479	"0.0269"	"0.0038"	1.4e-12
2	"rs6706384"	234306982	"3.4E-02"	"4.9E-01"	"T"	"G"	"712,262"	0.377	"0.0252"	"0.0039"	1.3e-10
3	"rs2279440"	9518511	"7.4E-04"	"3.4E-01"	"T"	"C"	"751,755"	0.14	"0.0401"	"0.0053"	5.9e-14
3	"rs17036160"	12329783	"3.0E-01"	"9.8E-01"	"C"	"T"	"751,755"	0.868	"0.0938"	"0.0055"	2.8e-64
3	"rs13094957"	23457080	"1.7E-13"	"1.2E-01"	"T"	"C"	"751,755"	0.78	"0.0600"	"0.0045"	1.7e-40
3	"rs6766511"	35659344	"3.0E-01"	"7.9E-01"	"G"	"T"	"751,755"	0.361	"0.0260"	"0.0038"	1e-11
3	"rs4789"	36869439	"5.1E-03"	"1.5E-01"	"T"	"C"	"751,755"	0.469	"0.0222"	"0.0037"	2.1e-09
3	"rs2624847"	50174197	"1.0E-01"	"1.9E-01"	"G"	"T"	"751,755"	0.252	"0.0305"	"0.0043"	1e-12
3	"rs2292662"	63897215	"2.3E-07"	"3.3E-01"	"C"	"T"	"751,755"	0.83	"0.0462"	"0.0050"	1.2e-20
3	"rs4132228"	64708114	"9.5E-03"	"2.3E-01"	"C"	"T"	"751,755"	0.708	"0.0419"	"0.0041"	9.1e-25
3	"rs2272163"	77671721	"8.5E-02"	"1.1E-01"	"C"	"A"	"751,755"	0.617	"0.0299"	"0.0038"	4.5e-15
3	"rs11716527"	89986280	"9.3E-01"	"6.6E-01"	"C"	"T"	"751,755"	0.095	"0.0424"	"0.0065"	5e-11
3	"rs775230"	113001706	"1.7E-01"	"3.8E-02"	"G"	"A"	"751,755"	0.302	"0.0242"	"0.0041"	2.2e-09
3	"rs11708067"	123065778	"1.7E-01"	"6.1E-01"	"A"	"G"	"751,755"	0.781	"0.0767"	"0.0045"	1.7e-65
3	"rs9873519"	124921457	"2.1E-01"	"9.6E-01"	"T"	"C"	"751,755"	0.54	"0.0312"	"0.0037"	4.4e-17
3	"rs9878031"	136516860	"2.2E-02"	"7.4E-01"	"C"	"T"	"751,755"	0.669	"0.0252"	"0.0039"	1.4e-10
3	"rs75206890"	141153545	"1.3E-01"	"4.8E-01"	"A"	"C"	"751,755"	0.955	"0.0782"	"0.0091"	7.7e-18
3	"rs75417759"	152530027	"2.3E-15"	"7.4E-01"	"C"	"T"	"751,755"	0.958	"0.0801"	"0.0094"	1.5e-17
3	"rs9854955"	156795525	"8.8E-01"	"5.4E-01"	"G"	"A"	"751,755"	0.4	"0.0283"	"0.0038"	1.6e-13
3	"rs1047210"	160154258	"7.9E-01"	"5.2E-01"	"A"	"C"	"751,755"	0.518	"0.0248"	"0.0037"	1.8e-11
3	"rs7631973"	168218872	"8.6E-03"	"5.8E-01"	"T"	"C"	"751,755"	0.858	"0.0333"	"0.0053"	3.1e-10
3	"rs1514895"	170705693	"3.8E-03"	"2.7E-01"	"A"	"G"	"751,755"	0.714	"0.0528"	"0.0041"	2.5e-38
3	"rs9808924"	185514189	"1.3E-02"	"7.2E-01"	"A"	"G"	"751,755"	0.315	"0.1033"	"0.0039"	7.9e-151
3	"rs6777684"	187741842	"2.1E-01"	"2.8E-02"	"G"	"A"	"751,755"	0.61	"0.0513"	"0.0038"	1.1e-41
4	"rs56121601"	725109	"8.9E-01"	"2.6E-01"	"T"	"G"	"751,755"	0.042	"0.0784"	"0.0093"	2.4e-17
4	"rs4450871"	4990298	"2.3E-01"	"1.1E-01"	"A"	"G"	"751,755"	0.555	"0.0251"	"0.0038"	5.3e-11
4	"rs13130845"	6297646	"2.3E-10"	"1.3E-01"	"C"	"A"	"751,755"	0.595	"0.0734"	"0.0038"	5.9e-84
4	"rs16896276"	18015156	"6.6E-01"	"3.7E-01"	"T"	"A"	"751,755"	0.734	"0.0286"	"0.0042"	1.1e-11
4	"rs13109789"	18957245	"1.2E-07"	"7.4E-01"	"C"	"G"	"751,755"	0.3	"0.0228"	"0.0041"	2.1e-08
4	"rs34811474"	25408838	"3.5E-01"	"8.2E-01"	"G"	"A"	"751,755"	0.778	"0.0303"	"0.0045"	1.6e-11
4	"rs10938397"	45182527	"9.5E-01"	"6.7E-01"	"G"	"A"	"751,755"	0.436	"0.0433"	"0.0037"	1.8e-31
4	"rs62310934"	48880627	"5.8E-03"	"7.2E-01"	"C"	"G"	"751,755"	0.604	"0.0264"	"0.0038"	2.7e-12
4	"rs13142804"	76511655	"8.1E-02"	"7.0E-01"	"T"	"A"	"751,755"	0.401	"0.0258"	"0.0038"	6.2e-12
4	"rs7697644"	89732876	"3.3E-02"	"9.9E-01"	"G"	"C"	"751,755"	0.489	"0.0307"	"0.0037"	9.7e-17
4	"rs7676797"	95099194	"7.7E-05"	"2.6E-01"	"G"	"A"	"751,755"	0.526	"0.0220"	"0.0037"	2.5e-09
4	"rs223423"	103725894	"3.2E-07"	"2.2E-02"	"G"	"A"	"751,755"	0.528	"0.0340"	"0.0037"	3.3e-20
4	"rs10488913"	106049416	"3.5E-01"	"1.8E-01"	"T"	"A"	"751,755"	0.113	"0.0414"	"0.0060"	3.5e-12
4	"rs4833686"	121762403	"3.6E-01"	"3.2E-01"	"C"	"T"	"751,755"	0.274	"0.0230"	"0.0041"	2.5e-08
4	"rs4975198"	129173123	"5.1E-01"	"6.3E-01"	"T"	"C"	"751,755"	0.21	"0.0272"	"0.0045"	1.9e-09
4	"rs56218782"	140893287	"3.2E-01"	"5.4E-01"	"T"	"C"	"751,755"	0.679	"0.0277"	"0.0040"	2.6e-12
4	"rs6813195"	153520475	"1.3E-05"	"4.3E-02"	"C"	"T"	"751,755"	0.714	"0.0440"	"0.0041"	7.8e-27
4	"rs550072"	171079937	"5.0E-01"	"9.1E-01"	"C"	"T"	"751,755"	0.518	"0.0224"	"0.0037"	1.3e-09
4	"rs72695645"	185713608	"5.7E-03"	"1.8E-01"	"G"	"A"	"751,755"	0.86	"0.0634"	"0.0054"	3.9e-32
5	"rs17250977"	14753745	"9.9E-01"	"1.5E-01"	"G"	"A"	"751,755"	0.036	"0.1002"	"0.0104"	7.8e-22
5	"rs72732603"	38032494	"7.6E-01"	"4.5E-01"	"G"	"A"	"751,755"	0.881	"0.0341"	"0.0060"	1.1e-08
5	"rs17261179"	51791225	"8.2E-01"	"2.6E-01"	"T"	"C"	"751,755"	0.515	"0.0278"	"0.0037"	4.4e-14
5	"rs62370474"	52768320	"1.3E-01"	"4.9E-01"	"A"	"G"	"751,755"	0.219	"0.0270"	"0.0045"	1.4e-09
5	"rs1694068"	53283630	"9.4E-01"	"6.6E-01"	"A"	"T"	"625,465"	0.611	"0.0403"	"0.0040"	1.4e-23
5	"rs256904"	55810305	"1.5E-01"	"1.6E-01"	"T"	"A"	"751,755"	0.731	"0.0625"	"0.0042"	6.4e-50
5	"rs34691"	66287883	"2.0E-01"	"9.5E-01"	"A"	"G"	"751,755"	0.418	"0.0208"	"0.0038"	3.1e-08
5	"rs34341"	74934009	"7.7E-01"	"5.0E-03"	"T"	"A"	"751,755"	0.567	"0.0359"	"0.0037"	5.8e-22
5	"rs7732130"	76435004	"5.3E-01"	"8.6E-04"	"G"	"A"	"751,755"	0.299	"0.0581"	"0.0041"	1.6e-46
5	"rs7703782"	87938557	"6.5E-02"	"3.0E-01"	"A"	"T"	"751,755"	0.132	"0.0370"	"0.0055"	1.2e-11
5	"rs149802978"	102346866	"9.2E-01"	"2.1E-03"	"G"	"C"	"751,755"	0.051	"0.1156"	"0.0084"	2.9e-43
5	"rs1105770"	118731247	"1.8E-01"	"8.6E-01"	"T"	"G"	"751,755"	0.32	"0.0218"	"0.0039"	3.1e-08
5	"rs6888037"	127406259	"9.4E-01"	"7.6E-01"	"T"	"G"	"751,755"	0.77	"0.0249"	"0.0045"	2.3e-08
5	"rs329122"	133864599	"6.0E-01"	"6.6E-01"	"A"	"G"	"751,755"	0.425	"0.0302"	"0.0037"	6.5e-16
5	"rs2099044"	153548206	"3.7E-01"	"7.6E-01"	"T"	"C"	"751,755"	0.425	"0.0218"	"0.0037"	4.9e-09
5	"rs2963470"	158001136	"4.8E-02"	"6.0E-01"	"A"	"G"	"751,755"	0.227	"0.0435"	"0.0044"	8.8e-23
5	"rs17057112"	159213685	"7.9E-07"	"5.6E-01"	"G"	"A"	"751,755"	0.067	"0.0511"	"0.0075"	8e-12
5	"rs3088050"	176726635	"8.9E-02"	"2.4E-01"	"G"	"A"	"751,755"	0.785	"0.0264"	"0.0045"	5.3e-09
6	"rs9379084"	7231843	"9.1E-01"	"1.6E-01"	"G"	"A"	"751,755"	0.884	"0.0738"	"0.0059"	1.4e-35
6	"rs7766070"	20686573	"2.2E-30"	"3.4E-07"	"A"	"C"	"751,755"	0.279	"0.1207"	"0.0041"	1e-192
6	"rs879882"	31139452	"1.0E-03"	"1.7E-01"	"C"	"T"	"751,755"	0.636	"0.0384"	"0.0038"	1.6e-23
6	"rs3806155"	32373378	"4.1E-01"	"2.0E-02"	"T"	"A"	"748,126"	0.036	"0.0865"	"0.0103"	4.3e-17
6	"rs6905288"	43758873	"1.3E-02"	"6.0E-01"	"A"	"G"	"751,755"	0.566	"0.0380"	"0.0037"	2.7e-24
6	"rs6458354"	43814190	"5.6E-02"	"5.5E-01"	"C"	"T"	"751,755"	0.294	"0.0374"	"0.0041"	3e-20
6	"rs72888748"	76433638	"5.5E-01"	"9.1E-01"	"G"	"A"	"705,963"	0.649	"0.0289"	"0.0040"	4.3e-13
6	"rs11755801"	105034951	"3.0E-02"	"7.2E-01"	"T"	"C"	"751,755"	0.1	"0.0358"	"0.0062"	9.8e-09
6	"rs62427977"	107426692	"5.0E-01"	"5.2E-01"	"G"	"C"	"751,755"	0.672	"0.0291"	"0.0040"	2.3e-13
6	"rs72951506"	118011723	"1.3E-01"	"2.5E-01"	"C"	"T"	"751,755"	0.842	"0.0371"	"0.0051"	2.8e-13
6	"rs11759026"	126792095	"1.3E-01"	"5.3E-01"	"G"	"A"	"751,755"	0.233	"0.0573"	"0.0044"	2.8e-39
6	"rs6917676"	137291296	"1.9E-02"	"8.8E-01"	"T"	"G"	"751,755"	0.519	"0.0370"	"0.0037"	1.9e-23
6	"rs9376353"	138855975	"7.2E-02"	"4.5E-01"	"A"	"T"	"751,755"	0.42	"0.0251"	"0.0038"	2.6e-11
6	"rs668459"	139835689	"2.3E-01"	"8.0E-01"	"C"	"T"	"751,755"	0.423	"0.0264"	"0.0037"	1.3e-12
6	"rs6570526"	143058692	"2.5E-01"	"2.9E-01"	"G"	"C"	"751,755"	0.517	"0.0317"	"0.0037"	5.8e-18
6	"rs487060"	160774459	"2.2E-01"	"8.4E-01"	"C"	"T"	"751,755"	0.516	"0.0295"	"0.0037"	1.3e-15
6	"rs4709746"	164133001	"3.1E-01"	"8.8E-01"	"C"	"T"	"751,755"	0.873	"0.0414"	"0.0057"	2.6e-13
7	"rs11766944"	1888051	"1.4E-01"	"4.3E-01"	"G"	"A"	"751,755"	0.786	"0.0448"	"0.0046"	6.4e-23
7	"rs138348096"	13829482	"1.6E-02"	"1.0E+00"	"A"	"G"	"751,755"	0.981	"0.0943"	"0.0142"	3e-11
7	"rs10950494"	13892902	"4.3E-08"	"4.6E-01"	"A"	"G"	"751,755"	0.436	"0.0270"	"0.0037"	5.1e-13
7	"rs17168486"	14898282	"2.0E-01"	"2.1E-01"	"T"	"C"	"751,755"	0.179	"0.0613"	"0.0048"	2.1e-37
7	"rs4719433"	15065003	"2.2E-02"	"1.0E-02"	"C"	"T"	"751,755"	0.531	"0.0590"	"0.0037"	3.3e-57
7	"rs1534696"	26397239	"6.9E-01"	"9.6E-01"	"C"	"A"	"751,755"	0.452	"0.0216"	"0.0037"	7.3e-09
7	"rs6968655"	26569130	"1.6E-04"	"1.4E-01"	"G"	"T"	"751,755"	0.773	"0.0257"	"0.0044"	5.2e-09
7	"rs860262"	28194397	"2.7E-02"	"1.9E-01"	"C"	"A"	"751,755"	0.507	"0.0735"	"0.0037"	1.2e-88
7	"rs917195"	30728452	"9.1E-03"	"5.9E-01"	"C"	"T"	"751,755"	0.775	"0.0397"	"0.0045"	7.8e-19
7	"rs878521"	44255643	"2.8E-04"	"4.2E-03"	"A"	"G"	"751,755"	0.243	"0.0596"	"0.0043"	2.4e-43
7	"rs77211442"	45564142	"8.0E-01"	"6.4E-01"	"G"	"C"	"751,755"	0.975	"0.0812"	"0.0126"	1e-10
7	"rs7790934"	69701965	"4.5E-04"	"7.1E-01"	"G"	"A"	"751,755"	0.262	"0.0329"	"0.0042"	3.8e-15
7	"rs35005436"	74134911	"2.4E-03"	"7.9E-01"	"C"	"T"	"745,021"	0.164	"0.0399"	"0.0052"	2.2e-14
7	"rs3926926"	76558271	"2.9E-01"	"2.8E-01"	"G"	"A"	"751,755"	0.786	"0.0299"	"0.0046"	7.8e-11
7	"rs39257"	89766208	"4.0E-05"	"6.2E-01"	"A"	"G"	"751,755"	0.538	"0.0258"	"0.0037"	3.6e-12
7	"rs8179"	92236164	"4.3E-01"	"6.2E-01"	"C"	"T"	"751,755"	0.788	"0.0270"	"0.0045"	2.4e-09
7	"rs7781557"	102481891	"2.0E-01"	"6.2E-01"	"C"	"T"	"751,755"	0.815	"0.0476"	"0.0047"	1.2e-23
7	"rs62484946"	102553366	"5.8E-01"	"7.7E-01"	"C"	"T"	"750,953"	0.034	"0.0810"	"0.0107"	3.4e-14
7	"rs13239186"	117510621	"8.3E-01"	"2.1E-02"	"T"	"C"	"751,755"	0.324	"0.0244"	"0.0040"	6.8e-10
7	"rs4731702"	130433384	"1.6E-04"	"2.4E-01"	"C"	"T"	"751,755"	0.514	"0.0458"	"0.0037"	1.3e-35
7	"rs13438418"	140628735	"1.3E-04"	"6.5E-01"	"A"	"G"	"751,755"	0.073	"0.0415"	"0.0071"	4.7e-09
7	"rs55681398"	150308848	"7.7E-01"	"8.2E-01"	"T"	"C"	"661,980"	0.244	"0.0252"	"0.0045"	3e-08
7	"rs6956046"	156962874	"4.4E-01"	"1.3E-01"	"G"	"A"	"751,755"	0.661	"0.0535"	"0.0039"	4.6e-43
8	"rs9987289"	9183358	"6.5E-06"	"2.6E-01"	"A"	"G"	"751,755"	0.098	"0.0643"	"0.0063"	1.6e-24
8	"rs12680692"	12618225	"1.7E-01"	"2.0E-02"	"A"	"T"	"751,755"	0.322	"0.0308"	"0.0041"	3.2e-14
8	"rs13262285"	14125920	"2.2E-03"	"8.1E-01"	"G"	"C"	"625,465"	0.38	"0.0224"	"0.0040"	2.4e-08
8	"rs80073370"	19833156	"1.6E-04"	"8.8E-01"	"A"	"T"	"751,755"	0.921	"0.0598"	"0.0069"	6.9e-18
8	"rs2042073"	30835535	"9.5E-02"	"4.4E-02"	"A"	"G"	"751,755"	0.4	"0.0274"	"0.0038"	4.1e-13
8	"rs508419"	41522991	"6.6E-10"	"1.5E-03"	"G"	"A"	"751,755"	0.761	"0.0723"	"0.0044"	6.3e-62
8	"rs74942620"	57499986	"6.6E-01"	"1.7E-01"	"C"	"G"	"751,755"	0.295	"0.0270"	"0.0040"	2.2e-11
8	"rs2920928"	76676187	"3.2E-01"	"7.6E-01"	"C"	"T"	"751,755"	0.586	"0.0232"	"0.0037"	5.5e-10
8	"rs2722885"	95696130	"1.6E-01"	"1.6E-01"	"T"	"C"	"751,755"	0.525	"0.0257"	"0.0037"	3.3e-12
8	"rs2879813"	95960947	"7.9E-01"	"3.4E-01"	"A"	"G"	"751,755"	0.481	"0.0393"	"0.0037"	1.9e-26
8	"rs13266634"	118184783	"6.5E-05"	"1.0E-02"	"C"	"T"	"751,755"	0.683	"0.0918"	"0.0040"	1.9e-117
8	"rs17772814"	128711742	"7.6E-01"	"4.1E-01"	"G"	"A"	"751,755"	0.913	"0.0614"	"0.0070"	2.7e-18
8	"rs7824269"	129552344	"5.2E-02"	"6.0E-01"	"T"	"C"	"748,681"	0.272	"0.0270"	"0.0041"	8e-11
8	"rs3757974"	145545546	"3.9E-01"	"3.2E-01"	"G"	"A"	"733,192"	0.366	"0.0400"	"0.0039"	3.2e-24
8	"rs7015203"	145976021	"1.5E-02"	"3.2E-01"	"T"	"C"	"751,755"	0.548	"0.0288"	"0.0037"	1.3e-14
9	"rs7870869"	1036193	"1.0E-01"	"9.3E-01"	"G"	"A"	"742,381"	0.313	"0.0238"	"0.0040"	2.5e-09
9	"rs4237150"	4290085	"2.3E-12"	"6.5E-01"	"C"	"G"	"742,381"	0.418	"0.0429"	"0.0038"	3.9e-30
9	"rs12380322"	19074538	"1.1E-02"	"4.1E-01"	"G"	"A"	"742,381"	0.386	"0.0294"	"0.0038"	1.3e-14
9	"rs10811661"	22134094	"1.4E-15"	"4.6E-03"	"T"	"C"	"742,381"	0.831	"0.1314"	"0.0050"	8.3e-152
9	"rs12553324"	23347865	"1.2E-01"	"4.6E-01"	"G"	"C"	"742,381"	0.406	"0.0269"	"0.0038"	1e-12
9	"rs17770336"	28414625	"4.2E-03"	"7.7E-01"	"T"	"C"	"742,381"	0.326	"0.0431"	"0.0040"	1.5e-27
9	"rs12001437"	34074476	"2.3E-01"	"9.1E-02"	"C"	"T"	"742,381"	0.367	"0.0351"	"0.0038"	7.7e-20
9	"rs67269808"	81907986	"3.8E-01"	"6.9E-02"	"A"	"G"	"742,381"	0.928	"0.0664"	"0.0076"	1.6e-18
9	"rs2796441"	84308948	"3.6E-03"	"1.7E-01"	"G"	"A"	"742,381"	0.594	"0.0531"	"0.0038"	7.8e-45
9	"rs10821304"	96910815	"2.5E-01"	"7.7E-01"	"A"	"G"	"742,381"	0.237	"0.0362"	"0.0044"	1.5e-16
9	"rs4556142"	107734714	"5.0E-01"	"8.0E-01"	"G"	"A"	"751,755"	0.621	"0.0300"	"0.0038"	3.5e-15
9	"rs700059"	125824055	"3.3E-03"	"7.8E-01"	"A"	"G"	"748,681"	0.857	"0.0412"	"0.0053"	1.4e-14
9	"rs505922"	136149229	"1.3E-01"	"8.8E-01"	"C"	"T"	"742,381"	0.352	"0.0484"	"0.0039"	1.1e-35
9	"rs28533815"	139241828	"4.2E-08"	"1.0E-01"	"C"	"T"	"723,818"	0.742	"0.0701"	"0.0044"	2.8e-57
10	"rs11257655"	12307894	"4.4E-08"	"3.0E-01"	"T"	"C"	"751,755"	0.215	"0.0787"	"0.0045"	2.5e-68
10	"rs11258435"	13568857	"4.0E-01"	"3.2E-01"	"C"	"T"	"751,755"	0.555	"0.0269"	"0.0037"	5.4e-13
10	"rs2438988"	49370090	"2.3E-02"	"6.1E-02"	"G"	"A"	"751,755"	0.634	"0.0267"	"0.0040"	1.7e-11
10	"rs2664419"	70378139	"9.1E-01"	"3.4E-01"	"C"	"A"	"751,755"	0.398	"0.0276"	"0.0038"	2.4e-13
10	"rs34673046"	71446231	"1.6E-01"	"2.6E-02"	"A"	"T"	"751,755"	0.177	"0.0329"	"0.0048"	9.5e-12
10	"rs1683935"	72599167	"1.6E-03"	"3.8E-01"	"C"	"T"	"751,755"	0.198	"0.0307"	"0.0046"	2.4e-11
10	"rs7099048"	77647107	"4.1E-01"	"6.9E-01"	"A"	"G"	"751,755"	0.5	"0.0231"	"0.0037"	4.9e-10
10	"rs697239"	80947438	"1.9E-03"	"1.7E-01"	"T"	"C"	"751,755"	0.539	"0.0595"	"0.0037"	1.2e-57
10	"rs10788495"	88113615	"3.4E-01"	"6.7E-01"	"T"	"A"	"751,755"	0.5	"0.0281"	"0.0037"	2.4e-14
10	"rs1977833"	94463945	"3.3E-13"	"5.9E-03"	"G"	"A"	"751,755"	0.584	"0.0903"	"0.0037"	1.1e-128
10	"rs61607357"	102420598	"3.6E-02"	"7.0E-01"	"G"	"T"	"751,755"	0.399	"0.0279"	"0.0038"	2.2e-13
10	"rs11195508"	113046379	"2.5E-01"	"5.0E-02"	"C"	"G"	"751,755"	0.849	"0.0438"	"0.0052"	5.2e-17
10	"rs114322470"	114736670	"3.0E-01"	"3.8E-01"	"T"	"G"	"751,755"	0.98	"0.1733"	"0.0138"	3.6e-36
10	"rs7903146"	114758349	"4.1E-04"	"6.5E-22"	"T"	"C"	"751,755"	0.283	"0.2768"	"0.0041"	0
10	"rs12269193"	121574535	"9.8E-01"	"9.8E-01"	"A"	"G"	"751,755"	0.207	"0.0327"	"0.0046"	8.6e-13
11	"rs4929965"	2197286	"1.8E-04"	"2.9E-01"	"A"	"G"	"751,755"	0.375	"0.0607"	"0.0039"	5e-56
11	"rs2237897"	2858546	"2.9E-17"	"5.6E-04"	"C"	"T"	"751,755"	0.95	"0.1890"	"0.0091"	4e-95
11	"rs118115876"	14671396	"9.5E-01"	"5.2E-02"	"A"	"G"	"751,755"	0.022	"0.1284"	"0.0128"	1.1e-23
11	"rs5215"	17408630	"1.4E-04"	"9.1E-02"	"C"	"T"	"751,755"	0.379	"0.0671"	"0.0038"	4.5e-70
11	"rs112220894"	27690399	"6.9E-01"	"9.5E-02"	"C"	"T"	"751,755"	0.327	"0.0271"	"0.0039"	6.4e-12
11	"rs2786257"	30340725	"3.3E-02"	"2.7E-01"	"G"	"A"	"576,600"	0.353	"0.0289"	"0.0043"	1.8e-11
11	"rs11031140"	30608133	"2.7E-02"	"7.7E-02"	"A"	"G"	"751,755"	0.188	"0.0354"	"0.0048"	1.2e-13
11	"rs145678014"	32927778	"1.7E-01"	"8.4E-01"	"G"	"T"	"751,755"	0.959	"0.0945"	"0.0095"	4.4e-23
11	"rs2125838"	47811933	"3.0E-11"	"9.0E-01"	"A"	"G"	"751,755"	0.559	"0.0313"	"0.0037"	3.7e-17
11	"rs17489568"	58390007	"6.8E-01"	"4.7E-01"	"G"	"C"	"751,755"	0.172	"0.0305"	"0.0049"	4e-10
11	"rs174541"	61565908	"6.7E-01"	"4.7E-01"	"T"	"C"	"751,755"	0.635	"0.0266"	"0.0038"	4.3e-12
11	"rs12789028"	65326154	"2.6E-01"	"9.5E-01"	"A"	"G"	"751,755"	0.18	"0.0468"	"0.0048"	4.4e-22
11	"rs77464186"	72460398	"7.7E-05"	"8.1E-02"	"A"	"C"	"751,755"	0.83	"0.0826"	"0.0050"	1.5e-61
11	"rs569296"	79027802	"8.8E-01"	"7.0E-01"	"G"	"C"	"751,755"	0.384	"0.0214"	"0.0038"	1.7e-08
11	"rs10830963"	92708710	"1.0E-10"	"1.0E-11"	"G"	"C"	"751,755"	0.29	"0.0876"	"0.0041"	2e-103
11	"rs10891494"	112913053	"1.7E-01"	"9.6E-01"	"C"	"A"	"751,755"	0.869	"0.0331"	"0.0054"	1.3e-09
11	"rs529623"	117693255	"8.1E-01"	"8.0E-01"	"T"	"C"	"751,755"	0.465	"0.0274"	"0.0037"	2e-13
11	"rs7104712"	128235252	"2.2E-01"	"9.6E-01"	"C"	"A"	"751,755"	0.291	"0.0374"	"0.0041"	5.6e-20
12	"rs11063029"	4301301	"2.2E-01"	"6.7E-01"	"T"	"C"	"751,755"	0.063	"0.0740"	"0.0078"	2e-21
12	"rs4238013"	4376089	"3.6E-02"	"9.5E-01"	"C"	"T"	"751,755"	0.22	"0.0477"	"0.0045"	7.2e-26
12	"rs76895963"	4384844	"9.5E-03"	"1.9E-01"	"T"	"G"	"751,755"	0.978	"0.4673"	"0.0147"	3.9e-222
12	"rs10842708"	26474867	"2.2E-02"	"7.2E-01"	"G"	"A"	"751,755"	0.264	"0.0431"	"0.0042"	1.4e-24
12	"rs10842991"	27962103	"5.4E-01"	"5.0E-01"	"C"	"T"	"751,755"	0.805	"0.0685"	"0.0047"	1.5e-48
12	"rs11514133"	39416437	"4.4E-01"	"3.7E-01"	"C"	"T"	"751,755"	0.428	"0.0234"	"0.0037"	4.2e-10
12	"rs2730827"	41863393	"5.2E-02"	"9.6E-01"	"T"	"C"	"748,681"	0.476	"0.0263"	"0.0037"	1.1e-12
12	"rs7132908"	50263148	"5.6E-01"	"1.1E-01"	"A"	"G"	"751,755"	0.393	"0.0332"	"0.0038"	1.2e-18
12	"rs2257883"	66216162	"4.9E-02"	"5.3E-01"	"A"	"G"	"751,755"	0.135	"0.0714"	"0.0054"	6.6e-40
12	"rs10879248"	71463415	"1.0E-05"	"4.5E-01"	"C"	"A"	"751,755"	0.41	"0.0371"	"0.0038"	4.8e-23
12	"rs61939481"	95921998	"6.7E-01"	"5.1E-01"	"C"	"T"	"751,755"	0.066	"0.0533"	"0.0075"	9.6e-13
12	"rs6538804"	97848910	"2.2E-01"	"9.5E-01"	"C"	"G"	"751,755"	0.611	"0.0324"	"0.0038"	1.4e-17
12	"rs1426371"	108629780	"7.5E-01"	"7.8E-01"	"G"	"A"	"751,755"	0.727	"0.0408"	"0.0042"	7.1e-22
12	"rs1800574"	121416864	"9.0E-02"	"2.5E-01"	"T"	"C"	"751,755"	0.031	"0.1478"	"0.0107"	1.5e-43
12	"rs141555626"	121630339	"2.4E-01"	"2.1E-02"	"G"	"A"	"751,755"	0.981	"0.0828"	"0.0145"	1e-08
12	"rs11057418"	124508976	"2.6E-01"	"7.3E-03"	"C"	"G"	"751,755"	0.208	"0.0440"	"0.0046"	1.1e-21
12	"rs12811407"	133069698	"1.4E-01"	"2.6E-05"	"A"	"G"	"751,755"	0.328	"0.0427"	"0.0040"	6.8e-27
13	"rs314879"	23309382	"8.7E-01"	"4.0E-01"	"C"	"T"	"751,755"	0.215	"0.0352"	"0.0045"	8.6e-15
13	"rs34584161"	26776999	"1.3E-01"	"4.3E-01"	"A"	"G"	"751,755"	0.761	"0.0498"	"0.0043"	1.7e-30
13	"rs9512696"	28012527	"4.3E-04"	"1.0E-01"	"G"	"A"	"751,755"	0.666	"0.0217"	"0.0039"	2.9e-08
13	"rs2283368"	33593270	"5.1E-01"	"7.9E-01"	"T"	"C"	"751,755"	0.868	"0.0349"	"0.0056"	4.5e-10
13	"rs9316500"	51094114	"5.6E-01"	"1.9E-01"	"T"	"G"	"751,755"	0.714	"0.0421"	"0.0041"	9.9e-25
13	"rs11148426"	58693112	"9.4E-05"	"2.3E-01"	"T"	"C"	"751,755"	0.819	"0.0364"	"0.0048"	5.4e-14
13	"rs1215468"	80707429	"5.5E-02"	"1.5E-02"	"A"	"G"	"751,755"	0.714	"0.0678"	"0.0041"	1.2e-61
13	"rs1475655"	91963080	"7.7E-06"	"6.3E-01"	"A"	"T"	"751,755"	0.748	"0.0370"	"0.0043"	4.4e-18
13	"rs3783007"	99109816	"1.2E-01"	"6.2E-01"	"G"	"T"	"751,755"	0.383	"0.0239"	"0.0038"	4.7e-10
13	"rs59904581"	108804608	"1.6E-01"	"2.9E-01"	"C"	"G"	"751,755"	0.066	"0.0432"	"0.0076"	1.5e-08
13	"rs9301365"	109927086	"8.8E-01"	"9.2E-01"	"T"	"C"	"751,755"	0.468	"0.0244"	"0.0037"	4.1e-11
13	"rs9521510"	110426871	"5.0E-02"	"5.0E-01"	"T"	"C"	"751,755"	0.668	"0.0220"	"0.0039"	2.4e-08
13	"rs2316118"	114277201	"3.0E-02"	"8.1E-01"	"A"	"G"	"751,755"	0.354	"0.0214"	"0.0039"	3.3e-08
14	"rs17122782"	23289189	"5.9E-01"	"2.5E-02"	"C"	"T"	"751,755"	0.217	"0.0303"	"0.0045"	2.4e-11
14	"rs10149083"	35455979	"3.2E-01"	"9.5E-01"	"A"	"G"	"751,755"	0.385	"0.0216"	"0.0038"	1.2e-08
14	"rs4901812"	38800704	"8.4E-01"	"2.9E-01"	"G"	"A"	"751,755"	0.743	"0.0406"	"0.0042"	1.1e-21
14	"rs12896030"	47296764	"3.1E-01"	"5.7E-01"	"C"	"T"	"751,755"	0.5	"0.0228"	"0.0037"	8.1e-10
14	"rs3742636"	61180657	"3.8E-03"	"6.7E-01"	"T"	"G"	"751,755"	0.291	"0.0298"	"0.0040"	1.7e-13
14	"rs2056857"	77300863	"4.4E-01"	"5.7E-01"	"C"	"T"	"751,755"	0.595	"0.0246"	"0.0038"	5.8e-11
14	"rs7156625"	79942647	"6.3E-01"	"6.4E-02"	"A"	"G"	"751,755"	0.22	"0.0498"	"0.0044"	3.3e-29
14	"rs35889227"	90055468	"4.6E-03"	"4.8E-01"	"G"	"T"	"751,755"	0.384	"0.0297"	"0.0038"	1e-14
14	"rs73347525"	101255172	"1.3E-03"	"3.4E-01"	"A"	"G"	"751,755"	0.81	"0.0427"	"0.0049"	3.1e-18
14	"rs113345285"	104246362	"1.9E-04"	"3.6E-01"	"C"	"T"	"748,681"	0.133	"0.0367"	"0.0055"	2.8e-11
15	"rs10152999"	39653053	"3.3E-03"	"5.9E-01"	"A"	"C"	"751,755"	0.419	"0.0227"	"0.0038"	1.5e-09
15	"rs34245505"	40397191	"3.4E-01"	"7.6E-01"	"G"	"C"	"751,755"	0.193	"0.0387"	"0.0047"	3.6e-16
15	"rs149336329"	52587740	"7.3E-03"	"2.1E-01"	"G"	"T"	"751,755"	0.961	"0.0806"	"0.0099"	2.8e-16
15	"rs7163757"	62391608	"6.6E-10"	"1.7E-02"	"C"	"T"	"751,755"	0.557	"0.0406"	"0.0037"	1.1e-27
15	"rs1396713"	64097938	"8.9E-01"	"8.4E-02"	"C"	"T"	"751,755"	0.45	"0.0317"	"0.0037"	1.5e-17
15	"rs7183908"	74329193	"3.0E-01"	"7.9E-01"	"C"	"T"	"751,755"	0.508	"0.0211"	"0.0037"	1e-08
15	"rs952472"	77776562	"9.1E-03"	"3.9E-03"	"C"	"A"	"751,755"	0.705	"0.0607"	"0.0041"	8.2e-51
15	"rs2165069"	90407119	"4.1E-01"	"1.3E-01"	"C"	"T"	"748,681"	0.267	"0.0569"	"0.0042"	5.5e-42
15	"rs2890156"	91513157	"2.8E-01"	"9.0E-01"	"A"	"T"	"751,755"	0.139	"0.0565"	"0.0053"	2e-26
15	"rs4777857"	93925327	"3.2E-01"	"6.9E-01"	"G"	"A"	"751,755"	0.394	"0.0238"	"0.0038"	3.5e-10
16	"rs55857387"	300388	"4.5E-03"	"2.6E-01"	"T"	"C"	"751,755"	0.808	"0.0518"	"0.0048"	1.3e-27
16	"rs3751837"	3583173	"4.7E-01"	"5.6E-01"	"T"	"C"	"751,755"	0.219	"0.0380"	"0.0044"	1.4e-17
16	"rs3747579"	4445327	"1.1E-02"	"8.1E-01"	"C"	"T"	"751,755"	0.278	"0.0252"	"0.0041"	9.9e-10
16	"rs9927842"	15153717	"9.3E-02"	"7.5E-01"	"T"	"C"	"751,755"	0.146	"0.0354"	"0.0052"	1.4e-11
16	"rs2059134"	24816492	"2.5E-02"	"6.9E-01"	"A"	"G"	"751,755"	0.735	"0.0242"	"0.0042"	6.6e-09
16	"rs9932196"	29983119	"1.5E-02"	"8.6E-01"	"T"	"G"	"751,755"	0.447	"0.0297"	"0.0037"	1.1e-15
16	"rs3095633"	53541478	"2.1E-02"	"7.3E-01"	"C"	"T"	"751,755"	0.465	"0.0267"	"0.0038"	2e-12
16	"rs1558902"	53803574	"6.7E-01"	"2.0E-03"	"A"	"T"	"751,755"	0.414	"0.1228"	"0.0037"	5.2e-238
16	"rs72802365"	75246035	"6.8E-01"	"3.2E-01"	"G"	"C"	"751,755"	0.922	"0.1162"	"0.0070"	1.7e-62
16	"rs56283750"	89786761	"1.2E-04"	"6.4E-01"	"T"	"C"	"751,755"	0.643	"0.0242"	"0.0039"	4.5e-10
17	"rs36027158"	519554	"9.5E-01"	"9.2E-01"	"A"	"G"	"751,755"	0.175	"0.0317"	"0.0049"	6.8e-11
17	"rs7224685"	4014384	"1.4E-02"	"3.7E-01"	"T"	"G"	"751,755"	0.31	"0.0527"	"0.0040"	3.5e-40
17	"rs17676097"	9791549	"8.7E-01"	"6.5E-01"	"G"	"A"	"751,755"	0.314	"0.0288"	"0.0040"	4.7e-13
17	"rs7213608"	21279289	"2.3E-01"	"9.8E-01"	"C"	"T"	"751,755"	0.333	"0.0230"	"0.0040"	8.5e-09
17	"rs2306593"	34866546	"4.8E-01"	"9.2E-01"	"C"	"T"	"751,755"	0.51	"0.0219"	"0.0037"	3.2e-09
17	"rs3110641"	36047417	"3.3E-02"	"1.9E-01"	"G"	"A"	"751,755"	0.777	"0.0428"	"0.0045"	3.2e-21
17	"rs11651052"	36102381	"5.4E-21"	"6.5E-02"	"A"	"G"	"751,755"	0.456	"0.0569"	"0.0038"	6.9e-52
17	"rs3744347"	46178674	"4.8E-01"	"3.7E-01"	"A"	"G"	"751,755"	0.781	"0.0335"	"0.0045"	6.1e-14
17	"rs35895680"	47060322	"6.3E-02"	"9.6E-01"	"C"	"A"	"751,755"	0.679	"0.0477"	"0.0040"	1.4e-32
17	"rs10853047"	62199136	"8.2E-03"	"8.9E-01"	"C"	"T"	"751,755"	0.134	"0.0456"	"0.0055"	1.1e-16
17	"rs12601921"	65825354	"2.5E-01"	"1.1E-01"	"T"	"C"	"751,755"	0.202	"0.0450"	"0.0046"	9.8e-23
17	"rs7221314"	76758251	"6.5E-01"	"6.9E-01"	"A"	"G"	"751,755"	0.673	"0.0321"	"0.0040"	5.4e-16
18	"rs8097544"	1839564	"4.1E-01"	"9.6E-01"	"G"	"A"	"751,755"	0.153	"0.0365"	"0.0051"	1.2e-12
18	"rs11664106"	2846812	"7.4E-02"	"7.1E-01"	"A"	"T"	"751,755"	0.642	"0.0251"	"0.0040"	3.5e-10
18	"rs9948462"	7076836	"3.4E-04"	"7.8E-01"	"T"	"C"	"751,755"	0.364	"0.0311"	"0.0039"	1.4e-15
18	"rs1788819"	21100504	"3.4E-01"	"7.2E-01"	"G"	"A"	"751,755"	0.35	"0.0322"	"0.0039"	6.9e-17
18	"rs4293449"	31694567	"1.3E-05"	"7.0E-01"	"T"	"C"	"751,755"	0.846	"0.0304"	"0.0052"	3.6e-09
18	"rs62080313"	36278709	"5.0E-06"	"2.1E-01"	"C"	"T"	"751,755"	0.123	"0.0351"	"0.0057"	5.2e-10
18	"rs7232699"	40072230	"1.1E-01"	"2.0E-01"	"T"	"C"	"751,755"	0.221	"0.0303"	"0.0045"	1e-11
18	"rs58306981"	42326974	"2.7E-03"	"5.3E-01"	"C"	"A"	"751,755"	0.276	"0.0228"	"0.0041"	3.5e-08
18	"rs6567160"	57829135	"1.3E-04"	"2.3E-01"	"C"	"T"	"751,755"	0.227	"0.0508"	"0.0044"	8.3e-31
18	"rs2658746"	74582340	"3.8E-01"	"1.4E-01"	"C"	"T"	"751,755"	0.389	"0.0259"	"0.0038"	6.9e-12
19	"rs12461269"	1167922	"1.1E-01"	"9.6E-01"	"G"	"A"	"687,400"	0.701	"0.0293"	"0.0043"	7e-12
19	"rs28626548"	1865673	"2.0E-01"	"6.1E-01"	"A"	"G"	"733,192"	0.828	"0.0280"	"0.0050"	2.4e-08
19	"rs2115107"	7968168	"2.1E-01"	"9.6E-01"	"A"	"G"	"751,755"	0.391	"0.0409"	"0.0038"	7.3e-27
19	"rs3111316"	13038415	"3.1E-01"	"1.2E-01"	"A"	"G"	"751,755"	0.603	"0.0386"	"0.0038"	2.2e-24
19	"rs4808845"	18812024	"3.1E-03"	"6.0E-02"	"A"	"G"	"751,755"	0.596	"0.0331"	"0.0038"	2.5e-18
19	"rs8107974"	19388500	"1.7E-09"	"7.4E-01"	"T"	"A"	"751,755"	0.075	"0.0802"	"0.0070"	2e-30
19	"rs7256564"	33889593	"1.2E-02"	"4.6E-01"	"A"	"G"	"751,755"	0.316	"0.0311"	"0.0040"	4.7e-15
19	"rs55826925"	41871791	"2.5E-01"	"6.0E-01"	"C"	"T"	"751,755"	0.925	"0.0417"	"0.0072"	5.8e-09
19	"rs429358"	45411941	"1.7E-04"	"5.4E-01"	"T"	"C"	"751,755"	0.85	"0.0694"	"0.0053"	1.2e-39
19	"rs10406431"	46157019	"3.0E-04"	"5.1E-01"	"A"	"G"	"751,755"	0.563	"0.0554"	"0.0037"	1e-49
20	"rs4911405"	32674967	"1.0E-01"	"8.7E-01"	"T"	"C"	"751,755"	0.681	"0.0384"	"0.0040"	5.4e-22
20	"rs12625671"	42994812	"6.1E-01"	"1.6E-02"	"C"	"T"	"751,755"	0.119	"0.0661"	"0.0057"	8.4e-31
20	"rs6063046"	45596378	"7.5E-01"	"8.1E-01"	"A"	"G"	"751,755"	0.736	"0.0409"	"0.0042"	2.1e-22
20	"rs1523539"	51296548	"3.6E-07"	"3.0E-02"	"G"	"A"	"751,755"	0.662	"0.0237"	"0.0039"	1.2e-09
20	"rs45551238"	57607363	"1.1E-03"	"4.7E-01"	"C"	"T"	"751,755"	0.97	"0.1743"	"0.0174"	1.3e-23
20	"rs1056441"	62370349	"5.8E-02"	"9.3E-02"	"C"	"T"	"751,755"	0.695	"0.0313"	"0.0040"	1.1e-14
21	"rs11911369"	40175634	"9.1E-03"	"8.8E-01"	"T"	"C"	"748,681"	0.115	"0.0325"	"0.0059"	4e-08
21	"rs9983528"	47772439	"8.1E-03"	"8.2E-01"	"G"	"A"	"751,755"	0.87	"0.0365"	"0.0055"	4.5e-11
22	"rs5997539"	30237706	"5.4E-10"	"6.2E-01"	"G"	"A"	"751,755"	0.914	"0.0647"	"0.0066"	1.6e-22
22	"rs4586740"	40540762	"3.5E-01"	"6.5E-01"	"T"	"G"	"751,755"	0.534	"0.0233"	"0.0037"	3.6e-10
22	"rs738408"	44324730	"1.3E-02"	"3.5E-02"	"T"	"C"	"751,755"	0.224	"0.0394"	"0.0044"	4.6e-19
