MarkerName	SNP
19:45416178:G:T	rs483082
19:19717056:A:G	rs73004967
11:61569830:C:T	rs174546
15:58680643:G:T	rs35853021
15:58680639:C:T	rs2414578
11:61589481:A:G	rs28456
11:75454878:A:T	rs498936
19:19746151:G:T	rs2304128
15:58723939:A:G	rs2070895
15:58709182:A:G	rs422137
22:24997070:A:G	rs3859862
3:100219086:A:C	rs59771628
11:61569306:C:G	rs174545
6:52702948:A:G	rs4144185
7:17287106:A:G	rs6968554
8:18272535:C:T	rs35246381
7:150537635:A:G	rs62492368
7:17495669:C:T	rs1868361
8:18272377:C:T	rs4921913
9:136146227:A:T	rs676457
11:75450576:C:T	rs673335
11:61600342:A:C	rs174574
11:61557803:C:T	rs102275
11:61604814:A:C	rs174577
11:61570783:C:T	rs174547
11:61567753:A:C	rs174544
22:19950235:C:T	rs4633
11:61603358:A:T	rs2727271
19:45392254:C:T	rs6857
