Metabolite	Number_of_IVs_T2DM	Number_of_Proxies_T2DM	Weighted_Mode_Estimate_T2DM	Weighted_Mode_SE_T2DM	Weighted_Mode_Pval_T2DM	Weighted_Median_Estimate_T2DM	Weighted_Median_SE_T2DM	Weighted_Median_Pval_T2DM	Random_IVW_Estimate_T2DM	Random_IVW_SE_T2DM	Random_IVW_Pval_T2DM	Random_IVW_RSE_T2DM	Random_IVW_HetStat_T2DM	Random_IVW_FStat_T2DM	Fixed_IVW_Estimate_T2DM	Fixed_IVW_SE_T2DM	Fixed_IVW_Pval_T2DM	Fixed_IVW_RSE_T2DM	Fixed_IVW_HetStat_T2DM	Fixed_IVW_FStat_T2DM	Egger_Estimate_T2DM	Egger_SE_T2DM	Egger_Pval_T2DM	Egger_Intercept_T2DM	Egger_Intercept_SE_T2DM	Egger_Intercept_Pval_T2DM	Egger_RSE_T2DM	Egger_HetStat_T2DM	Egger_Isq_T2DM	Number_of_IVs_FG	Number_of_Proxies_FG	Weighted_Mode_Estimate_FG	Weighted_Mode_SE_FG	Weighted_Mode_Pval_FG	Weighted_Median_Estimate_FG	Weighted_Median_SE_FG	Weighted_Median_Pval_FG	Random_IVW_Estimate_FG	Random_IVW_SE_FG	Random_IVW_Pval_FG	Random_IVW_RSE_FG	Random_IVW_HetStat_FG	Random_IVW_FStat_FG	Fixed_IVW_Estimate_FG	Fixed_IVW_SE_FG	Fixed_IVW_Pval_FG	Fixed_IVW_RSE_FG	Fixed_IVW_HetStat_FG	Fixed_IVW_FStat_FG	Egger_Estimate_FG	Egger_SE_FG	Egger_Pval_FG	Egger_Intercept_FG	Egger_Intercept_SE_FG	Egger_Intercept_Pval_FG	Egger_RSE_FG	Egger_HetStat_FG	Egger_Isq_FG	Number_of_IVs_HBA1C	Number_of_Proxies_HBA1C	Weighted_Mode_Estimate_HBA1C	Weighted_Mode_SE_HBA1C	Weighted_Mode_Pval_HBA1C	Weighted_Median_Estimate_HBA1C	Weighted_Median_SE_HBA1C	Weighted_Median_Pval_HBA1C	Random_IVW_Estimate_HBA1C	Random_IVW_SE_HBA1C	Random_IVW_Pval_HBA1C	Random_IVW_RSE_HBA1C	Random_IVW_HetStat_HBA1C	Random_IVW_FStat_HBA1C	Fixed_IVW_Estimate_HBA1C	Fixed_IVW_SE_HBA1C	Fixed_IVW_Pval_HBA1C	Fixed_IVW_RSE_HBA1C	Fixed_IVW_HetStat_HBA1C	Fixed_IVW_FStat_HBA1C	Egger_Estimate_HBA1C	Egger_SE_HBA1C	Egger_Pval_HBA1C	Egger_Intercept_HBA1C	Egger_Intercept_SE_HBA1C	Egger_Intercept_Pval_HBA1C	Egger_RSE_HBA1C	Egger_HetStat_HBA1C	Egger_Isq_HBA1C
1-(1-enyl-oleoyl)-GPC (P-18_1)*	2	0	NA	NA	NA	NA	NA	NA	0.154363243823902	0.107805101559876	0.152180091912897	3.61025595572111	13.0339480658198	70.4259935495826	0.154363243823902	0.0298607918336203	2.34810296904461e-7	3.61025595572111	13.0339480658198	70.4259935495826	NA	NA	NA	NA	NA	NA	NA	NA	NA	2	0	NA	NA	NA	NA	NA	NA	0.115351902650549	0.0539342881369801	0.0324560051251255	3.74702347380884	14.0401849132745	70.4259935495826	0.115351902650549	0.0143939018567599	1.1108860848289102e-15	3.74702347380884	14.0401849132745	70.4259935495826	NA	NA	NA	NA	NA	NA	NA	NA	NA	2	0	NA	NA	NA	NA	NA	NA	0.0712916811381823	0.0286963679446943	0.0129789959855833	2.56619588532817	6.58536132187521	70.4259935495826	0.0712916811381823	0.0111824541956292	1.82585871333268e-10	2.56619588532817	6.58536132187521	70.4259935495826	NA	NA	NA	NA	NA	NA	NA	NA	NA
1-(1-enyl-palmitoyl)-2-arachidonoyl-GPE (P-16_0_20_4)*	3	0	0.105374589083325	0.0166467170096089	2.45078134905981e-10	0.107088607117616	0.0168725937324662	2.19701743673375e-10	0.130464761021999	0.0745029542882665	0.0799225889057849	4.85445947955859	47.1315536773525	187.600788537582	0.130464761021999	0.015347322313017	1.88262795212413e-17	4.85445947955859	47.1315536773525	187.600788537582	-0.149785503142675	0.236235497543363	0.526047125821037	0.0502312803874283	0.0406418570483923	0.21647735860718	4.31821433787018	18.6469750677876	0.978368163782329	3	0	0.0786684006502052	0.00957153138916416	2.05209874246044e-16	0.0567361327191495	0.0084115342423246	1.52985148303572e-11	0.0575293045008877	0.0268126803543948	0.0319048532378138	3.81010895861856	29.0338605530909	187.600788537582	0.0575293045008877	0.00703724766026543	2.9593392164606003e-16	3.81010895861856	29.0338605530909	187.600788537582	0.169300559038178	0.0891740574336018	0.057624918747458	-0.0208043724137604	0.0160295418054434	0.194329630757335	3.28868246065699	10.8154323270329	0.984699058168295	3	0	0.0367969810823196	0.00643464787094488	1.07424575228217e-8	0.0366591764981399	0.00588619317208263	4.72444777656285e-10	0.037607310811334	0.00839432375055273	7.46121996509688e-6	1.58728137188475	5.03892430706467	187.600788537582	0.037607310811334	0.00528849131555374	1.15071183142486e-12	1.58728137188475	5.03892430706467	187.600788537582	0.0223621799909238	0.0406679940411052	0.582407359680919	0.00279301688323969	0.00716975732477268	0.69686541973015	2.09165079686091	4.37500305600886	0.982149309874284
1-(1-enyl-stearoyl)-2-arachidonoyl-GPE (P-18_0_20_4)*	NA	NA	NA	NA	NA	NA	NA	NA	NA	NA	NA	NA	NA	NA	NA	NA	NA	NA	NA	NA	NA	NA	NA	NA	NA	NA	NA	NA	NA	2	0	NA	NA	NA	NA	NA	NA	0.0561891653982523	0.0154701122300108	2.8111210522857e-4	2.57902467390021	6.65136826858611	370.409090727489	0.0561891653982523	0.00599843513967458	7.44088352819827e-21	2.57902467390021	6.65136826858611	370.409090727489	NA	NA	NA	NA	NA	NA	NA	NA	NA	NA	NA	NA	NA	NA	NA	NA	NA	NA	NA	NA	NA	NA	NA	NA	NA	NA	NA	NA	NA	NA	NA	NA	NA	NA	NA	NA	NA	NA
1-(1-enyl-stearoyl)-2-linoleoyl-GPC (P-18_0_18_2)*	2	0	NA	NA	NA	NA	NA	NA	-0.177464575474147	0.117914994410519	0.132318606563815	3.21005650453259	10.304462762292	47.3490425081724	-0.177464575474147	0.0367329965201621	1.35710314435942e-6	3.21005650453259	10.304462762292	47.3490425081724	NA	NA	NA	NA	NA	NA	NA	NA	NA	2	0	NA	NA	NA	NA	NA	NA	-0.0776187433404088	0.0177086130060907	1.1699868155594e-5	1.08322967260836	1.17338652361921	47.3490425081724	-0.0776187433404088	0.0163479762915369	2.05528007733191e-6	1.08322967260836	1.17338652361921	47.3490425081724	NA	NA	NA	NA	NA	NA	NA	NA	NA	NA	NA	NA	NA	NA	NA	NA	NA	NA	NA	NA	NA	NA	NA	NA	NA	NA	NA	NA	NA	NA	NA	NA	NA	NA	NA	NA	NA	NA
1-adrenoyl-GPC (22_4)*	NA	NA	NA	NA	NA	NA	NA	NA	NA	NA	NA	NA	NA	NA	NA	NA	NA	NA	NA	NA	NA	NA	NA	NA	NA	NA	NA	NA	NA	2	0	NA	NA	NA	NA	NA	NA	-0.255080824167037	0.13692168327318	0.0624666557844058	6.9325247550404	48.0598994792479	50.484470223905	-0.255080824167037	0.0197506230574407	3.70072068447286e-38	6.9325247550404	48.0598994792479	50.484470223905	NA	NA	NA	NA	NA	NA	NA	NA	NA	NA	NA	NA	NA	NA	NA	NA	NA	NA	NA	NA	NA	NA	NA	NA	NA	NA	NA	NA	NA	NA	NA	NA	NA	NA	NA	NA	NA	NA
1-arachidonoyl-GPA (20_4)	1	0	NA	NA	NA	NA	NA	NA	NA	NA	NA	NA	NA	NA	0.0793303491516294	0.0128376913564877	6.431015610447801e-10	NA	NA	808.455676050236	NA	NA	NA	NA	NA	NA	NA	NA	NA	1	0	NA	NA	NA	NA	NA	NA	NA	NA	NA	NA	NA	NA	0.054971652731627	0.00559591674513568	8.91658849460293e-23	NA	NA	808.455676050236	NA	NA	NA	NA	NA	NA	NA	NA	NA	1	0	NA	NA	NA	NA	NA	NA	NA	NA	NA	NA	NA	NA	0.0279795837256784	0.00427923045216258	6.215486433210789e-11	NA	NA	808.455676050236	NA	NA	NA	NA	NA	NA	NA	NA	NA
1-arachidonoyl-GPE (20_4n6)*	3	0	-0.0683214929346657	0.0281585142138893	0.0152529239461812	-0.0759939257880578	0.02135527045456199	3.7289929267635e-4	-0.0745369196737737	0.0382022980832453	0.051043856486766	2.15061040677855	9.25025024348841	133.027611324003	-0.0745369196737737	0.0177634675080316	2.71575102340085e-5	2.15061040677855	9.25025024348841	133.027611324003	-0.0875171865083465	0.190094331810798	0.645237605772769	0.00183349422579691	0.0257497204363458	0.943235053900333	3.03374148540265	9.20358740025307	0.925608750539929	NA	NA	NA	NA	NA	NA	NA	NA	NA	NA	NA	NA	NA	NA	NA	NA	NA	NA	NA	NA	NA	NA	NA	NA	NA	NA	NA	NA	NA	NA	NA	NA	NA	NA	NA	NA	NA	NA	NA	NA	NA	NA	NA	NA	NA	NA	NA	NA	NA	NA	NA	NA	NA	NA	NA	NA	NA	NA
1-arachidonoyl-GPI (20_4)*	NA	NA	NA	NA	NA	NA	NA	NA	NA	NA	NA	NA	NA	NA	NA	NA	NA	NA	NA	NA	NA	NA	NA	NA	NA	NA	NA	NA	NA	2	0	NA	NA	NA	NA	NA	NA	0.051261789961806	0.0448628588728972	0.253190933985783	6.44101056134845	41.4866170514022	311.495523576119	0.051261789961806	0.00696518945988268	1.84307133263232e-13	6.44101056134845	41.4866170514022	311.495523576119	NA	NA	NA	NA	NA	NA	NA	NA	NA	NA	NA	NA	NA	NA	NA	NA	NA	NA	NA	NA	NA	NA	NA	NA	NA	NA	NA	NA	NA	NA	NA	NA	NA	NA	NA	NA	NA	NA
1-arachidoyl-GPC (20_0)	2	0	NA	NA	NA	NA	NA	NA	-0.349508062891598	0.198761466986277	0.07867442667691	5.28697499138225	27.9521045595013	46.7489989108224	-0.349508062891598	0.0375945540333097	1.44771866326427e-20	5.28697499138225	27.9521045595013	46.7489989108224	NA	NA	NA	NA	NA	NA	NA	NA	NA	NA	NA	NA	NA	NA	NA	NA	NA	NA	NA	NA	NA	NA	NA	NA	NA	NA	NA	NA	NA	NA	NA	NA	NA	NA	NA	NA	NA	NA	NA	NA	NA	NA	NA	NA	NA	NA	NA	NA	NA	NA	NA	NA	NA	NA	NA	NA	NA	NA	NA	NA	NA	NA	NA	NA	NA	NA	NA
1-dihomo-linoleoyl-GPC (20_2)*	3	0	-0.154602317953062	0.036462450263516	2.23478039168706e-5	-0.197978948203185	0.0441839832292699	7.43688498888129e-6	-0.25308004098136	0.122907653934539	0.0394839657210743	4.51530208655679	40.7759058657281	57.8974386754299	-0.25308004098136	0.0272202505122452	1.43798488902672e-20	4.51530208655679	40.7759058657281	57.8974386754299	-0.767114549096169	0.617932558130595	0.21445020868469	0.0534603365329651	0.0627749111087155	0.394425329646971	4.86155351543486	23.6347025834371	0.393633134680089	NA	NA	NA	NA	NA	NA	NA	NA	NA	NA	NA	NA	NA	NA	NA	NA	NA	NA	NA	NA	NA	NA	NA	NA	NA	NA	NA	NA	NA	NA	NA	NA	NA	NA	NA	NA	NA	NA	NA	NA	NA	NA	NA	NA	NA	NA	NA	NA	NA	NA	NA	NA	NA	NA	NA	NA	NA	NA
1-eicosapentaenoyl-GPC (20_5)*	2	0	NA	NA	NA	NA	NA	NA	0.0805090596021448	0.0477731720868764	0.0919430876755477	3.45820999835522	11.959216392724	354.207224889323	0.0805090596021448	0.0138144219436061	5.61294382059401e-9	3.45820999835522	11.959216392724	354.207224889323	NA	NA	NA	NA	NA	NA	NA	NA	NA	2	0	NA	NA	NA	NA	NA	NA	0.0535551195013774	0.0252866317807009	0.0341816548279568	4.14892811104238	17.2136044705977	354.207224889323	0.0535551195013774	0.00609473847314937	1.5346051301242196e-18	4.14892811104238	17.2136044705977	354.207224889323	NA	NA	NA	NA	NA	NA	NA	NA	NA	2	0	NA	NA	NA	NA	NA	NA	0.0305992923266953	0.00578626470224203	1.23483022087581e-7	1.23944722175174	1.53622941550811	354.207224889323	0.0305992923266953	0.00466842363329045	5.5819831627362185e-11	1.23944722175174	1.53622941550811	354.207224889323	NA	NA	NA	NA	NA	NA	NA	NA	NA
1-eicosapentaenoyl-GPE (20_5)*	3	0	-0.0861025759445474	0.0438679505094973	0.0496732265561415	-0.106073463472282	0.0397826240387627	0.00766851843379243	-0.120026643168685	0.0715430882778907	0.0934089447516171	2.50091389381922	12.509140608596	49.9357069920058	-0.120026643168685	0.0286067778881564	2.71980393424314e-5	2.50091389381922	12.509140608596	49.9357069920058	-0.00350914780085512	0.333118535301142	0.991595054696861	-0.0103270354082841	0.0282972801080618	0.71515023272804	3.32248431182163	11.0389020023009	0.651452341917646	NA	NA	NA	NA	NA	NA	NA	NA	NA	NA	NA	NA	NA	NA	NA	NA	NA	NA	NA	NA	NA	NA	NA	NA	NA	NA	NA	NA	NA	NA	NA	NA	NA	NA	NA	NA	NA	NA	NA	NA	NA	NA	NA	NA	NA	NA	NA	NA	NA	NA	NA	NA	NA	NA	NA	NA	NA	NA
1-linoleoyl-2-arachidonoyl-GPC (18_2_20_4n6)*	2	0	NA	NA	NA	NA	NA	NA	0.0977930014418038	0.0274565652733914	3.6841255500506e-4	1.72346561105442	2.9703337124872	243.789341163331	0.0977930014418038	0.0159310200895702	8.329001037173e-10	1.72346561105442	2.9703337124872	243.789341163331	NA	NA	NA	NA	NA	NA	NA	NA	NA	2	0	NA	NA	NA	NA	NA	NA	0.0669766932899239	0.0197693582644082	7.0428840932984e-4	2.76588924011945	7.65014328860855	243.789341163331	0.0669766932899239	0.00714755962663005	7.21432546314383e-21	2.76588924011945	7.65014328860855	243.789341163331	NA	NA	NA	NA	NA	NA	NA	NA	NA	2	0	NA	NA	NA	NA	NA	NA	0.0328331722886286	0.0143066603674398	0.0217355809510173	2.61505424873043	6.83850872380305	243.789341163331	0.0328331722886286	0.00547088473380063	1.95578337342702e-9	2.61505424873043	6.83850872380305	243.789341163331	NA	NA	NA	NA	NA	NA	NA	NA	NA
1-linoleoyl-GPE (18_2)*	NA	NA	NA	NA	NA	NA	NA	NA	NA	NA	NA	NA	NA	NA	NA	NA	NA	NA	NA	NA	NA	NA	NA	NA	NA	NA	NA	NA	NA	NA	NA	NA	NA	NA	NA	NA	NA	NA	NA	NA	NA	NA	NA	NA	NA	NA	NA	NA	NA	NA	NA	NA	NA	NA	NA	NA	NA	NA	2	0	NA	NA	NA	NA	NA	NA	-0.0396373981493552	0.0129168146026152	0.0021501636930418	2.05229755033183	4.21192523509805	194.145605542259	-0.0396373981493552	0.00629383132115843	3.01866505007589e-10	2.05229755033183	4.21192523509805	194.145605542259	NA	NA	NA	NA	NA	NA	NA	NA	NA
1-linoleoyl-GPI (18_2)*	2	0	NA	NA	NA	NA	NA	NA	-0.162797694819261	0.055476783515412	0.00334064720948474	2.17466261649216	4.72915749556854	103.345026647139	-0.162797694819261	0.0255105242968212	1.75259206394959e-10	2.17466261649216	4.72915749556854	103.345026647139	NA	NA	NA	NA	NA	NA	NA	NA	NA	NA	NA	NA	NA	NA	NA	NA	NA	NA	NA	NA	NA	NA	NA	NA	NA	NA	NA	NA	NA	NA	NA	NA	NA	NA	NA	NA	NA	NA	2	0	NA	NA	NA	NA	NA	NA	-0.0465178072493462	0.0339040951225938	0.170050686864036	3.94073042751835	15.5293563023689	103.345026647139	-0.0465178072493462	0.00860350530090553	6.41451223369551e-8	3.94073042751835	15.5293563023689	103.345026647139	NA	NA	NA	NA	NA	NA	NA	NA	NA
1-margaroyl-GPC (17_0)	1	0	NA	NA	NA	NA	NA	NA	NA	NA	NA	NA	NA	NA	-0.688520610708786	0.0576650427729302	7.32231946236117e-33	NA	NA	42.7199104323286	NA	NA	NA	NA	NA	NA	NA	NA	NA	NA	NA	NA	NA	NA	NA	NA	NA	NA	NA	NA	NA	NA	NA	NA	NA	NA	NA	NA	NA	NA	NA	NA	NA	NA	NA	NA	NA	NA	NA	NA	NA	NA	NA	NA	NA	NA	NA	NA	NA	NA	NA	NA	NA	NA	NA	NA	NA	NA	NA	NA	NA	NA	NA	NA	NA	NA	NA
1-methylhistidine	1	1	NA	NA	NA	NA	NA	NA	NA	NA	NA	NA	NA	NA	0.194358762033658	0.0308392131640122	2.93212420642753e-10	NA	NA	146.300379944297	NA	NA	NA	NA	NA	NA	NA	NA	NA	NA	NA	NA	NA	NA	NA	NA	NA	NA	NA	NA	NA	NA	NA	NA	NA	NA	NA	NA	NA	NA	NA	NA	NA	NA	NA	NA	NA	NA	NA	NA	NA	NA	NA	NA	NA	NA	NA	NA	NA	NA	NA	NA	NA	NA	NA	NA	NA	NA	NA	NA	NA	NA	NA	NA	NA	NA	NA
1-palmitoleoyl-GPC (16_1)*	1	0	NA	NA	NA	NA	NA	NA	NA	NA	NA	NA	NA	NA	-0.607574194398276	0.0573776406094103	3.35005917257862e-26	NA	NA	41.1585307221398	NA	NA	NA	NA	NA	NA	NA	NA	NA	NA	NA	NA	NA	NA	NA	NA	NA	NA	NA	NA	NA	NA	NA	NA	NA	NA	NA	NA	NA	NA	NA	NA	NA	NA	NA	NA	NA	NA	NA	NA	NA	NA	NA	NA	NA	NA	NA	NA	NA	NA	NA	NA	NA	NA	NA	NA	NA	NA	NA	NA	NA	NA	NA	NA	NA	NA	NA
1-palmitoyl-2-arachidonoyl-GPI (16_0_20_4)*	4	0	0.129278604267106	0.0220687220354899	4.68470743406324e-9	0.0934126734847159	0.0198267096338836	2.45952996282856e-6	0.10043243811726	0.0220599454338531	5.29603497205661e-6	1.31654216297966	5.19984980070952	120.305550805033	0.10043243811726	0.016755973377963	2.04956968529415e-9	1.31654216297966	5.19984980070952	120.305550805033	0.151709864227205	0.0492869083632741	0.00208327383690454	-0.00766246861206658	0.00666549451080063	0.25032002570476	1.25120127178411	3.13100924502837	0.961268402161911	NA	NA	NA	NA	NA	NA	NA	NA	NA	NA	NA	NA	NA	NA	NA	NA	NA	NA	NA	NA	NA	NA	NA	NA	NA	NA	NA	NA	NA	NA	NA	NA	NA	NA	NA	NA	NA	NA	NA	NA	NA	NA	NA	NA	NA	NA	NA	NA	NA	NA	NA	NA	NA	NA	NA	NA	NA	NA
1-palmitoyl-2-docosahexaenoyl-GPE (16_0_22_6)*	NA	NA	NA	NA	NA	NA	NA	NA	NA	NA	NA	NA	NA	NA	NA	NA	NA	NA	NA	NA	NA	NA	NA	NA	NA	NA	NA	NA	NA	NA	NA	NA	NA	NA	NA	NA	NA	NA	NA	NA	NA	NA	NA	NA	NA	NA	NA	NA	NA	NA	NA	NA	NA	NA	NA	NA	NA	NA	1	0	NA	NA	NA	NA	NA	NA	NA	NA	NA	NA	NA	NA	-0.109744867842583	0.0232400896607824	2.33281585174143e-6	NA	NA	31.2651532158019	NA	NA	NA	NA	NA	NA	NA	NA	NA
1-palmitoyl-2-linoleoyl-GPE (16_0_18_2)	2	0	NA	NA	NA	NA	NA	NA	-0.0541757982177808	0.033863779847706	0.109639530179761	3.58571011745137	12.8573170463932	765.504997557128	-0.0541757982177808	0.0094440930076566	9.666762626962751e-9	3.58571011745137	12.8573170463932	765.504997557128	NA	NA	NA	NA	NA	NA	NA	NA	NA	2	0	NA	NA	NA	NA	NA	NA	-0.0357905545068274	0.0212495718658359	0.0921246088572001	5.00647986801264	25.0648406688159	765.504997557128	-0.0357905545068274	0.00424441372502135	3.38674280519811e-17	5.00647986801264	25.0648406688159	765.504997557128	NA	NA	NA	NA	NA	NA	NA	NA	NA	2	0	NA	NA	NA	NA	NA	NA	-0.0194737545382939	0.0102949829378989	0.0585473420577626	3.17689041627734	10.0926327170348	765.504997557128	-0.0194737545382939	0.00324058484521557	1.8628775623749e-9	3.17689041627734	10.0926327170348	765.504997557128	NA	NA	NA	NA	NA	NA	NA	NA	NA
1-palmitoyl-2-linoleoyl-GPI (16_0_18_2)	1	0	NA	NA	NA	NA	NA	NA	NA	NA	NA	NA	NA	NA	-0.167038251823913	0.025055737773587	2.6167849372106e-11	NA	NA	159.296061888122	NA	NA	NA	NA	NA	NA	NA	NA	NA	1	0	NA	NA	NA	NA	NA	NA	NA	NA	NA	NA	NA	NA	-0.105362589612007	0.0109217318500251	5.0585756859016095e-22	NA	NA	159.296061888122	NA	NA	NA	NA	NA	NA	NA	NA	NA	1	0	NA	NA	NA	NA	NA	NA	NA	NA	NA	NA	NA	NA	-0.0552511140648328	0.00835191259119566	3.705869470227359e-11	NA	NA	159.296061888122	NA	NA	NA	NA	NA	NA	NA	NA	NA
1-palmitoyl-2-oleoyl-GPC (16_0_18_1)	1	0	NA	NA	NA	NA	NA	NA	NA	NA	NA	NA	NA	NA	-0.337616264766308	0.0507091622969158	2.7777759468093494e-11	NA	NA	52.4948529740629	NA	NA	NA	NA	NA	NA	NA	NA	NA	NA	NA	NA	NA	NA	NA	NA	NA	NA	NA	NA	NA	NA	NA	NA	NA	NA	NA	NA	NA	NA	NA	NA	NA	NA	NA	NA	NA	NA	NA	NA	NA	NA	NA	NA	NA	NA	NA	NA	NA	NA	NA	NA	NA	NA	NA	NA	NA	NA	NA	NA	NA	NA	NA	NA	NA	NA	NA
1-palmitoyl-2-oleoyl-GPE (16_0_18_1)	NA	NA	NA	NA	NA	NA	NA	NA	NA	NA	NA	NA	NA	NA	NA	NA	NA	NA	NA	NA	NA	NA	NA	NA	NA	NA	NA	NA	NA	3	0	-0.0196920071018077	0.0177088763282139	0.266144544967725	-0.0588038102918423	0.0203742258898331	0.00389941342349033	-0.0922133639617484	0.0636751079314018	0.147565196499005	4.86769569503972	47.3889227590164	54.7615416000752	-0.0922133639617484	0.0130811603519686	1.79786476331323e-12	4.86769569503972	47.3889227590164	54.7615416000752	-2.57489399489871	1.43127313660562	0.0720149648611612	0.19672413853804	0.113356114473628	0.0826607093608429	3.43691707740268	11.8123989969422	0	NA	NA	NA	NA	NA	NA	NA	NA	NA	NA	NA	NA	NA	NA	NA	NA	NA	NA	NA	NA	NA	NA	NA	NA	NA	NA	NA	NA	NA
1-palmitoyl-2-stearoyl-GPC (16_0_18_0)	2	0	NA	NA	NA	NA	NA	NA	0.113615504670513	0.121506865842635	0.349760370414527	4.83396593644724	23.3672266747323	102.817281402912	0.113615504670513	0.0251360616603636	6.1833751896232e-6	4.83396593644724	23.3672266747323	102.817281402912	NA	NA	NA	NA	NA	NA	NA	NA	NA	2	0	NA	NA	NA	NA	NA	NA	0.0820970239773758	0.0623317717724199	0.187805927685819	5.52320470096914	30.5057901688076	102.817281402912	0.0820970239773758	0.011285435747381	3.47449993548767e-13	5.52320470096914	30.5057901688076	102.817281402912	NA	NA	NA	NA	NA	NA	NA	NA	NA	2	0	NA	NA	NA	NA	NA	NA	0.0494401713914734	0.0348539522536064	0.156046176986011	3.99851066646446	15.9880875498301	102.817281402912	0.0494401713914734	0.0087167335943172	1.41247939683879e-8	3.99851066646446	15.9880875498301	102.817281402912	NA	NA	NA	NA	NA	NA	NA	NA	NA
1-palmitoyl-GPE (16_0)	2	0	NA	NA	NA	NA	NA	NA	-0.159487056783039	0.249049157125935	0.521923083125611	9.39541623713281	88.2738462689789	98.0532158175737	-0.159487056783039	0.026507517159446	1.78038462199655e-9	9.39541623713281	88.2738462689789	98.0532158175737	NA	NA	NA	NA	NA	NA	NA	NA	NA	NA	NA	NA	NA	NA	NA	NA	NA	NA	NA	NA	NA	NA	NA	NA	NA	NA	NA	NA	NA	NA	NA	NA	NA	NA	NA	NA	NA	NA	NA	NA	NA	NA	NA	NA	NA	NA	NA	NA	NA	NA	NA	NA	NA	NA	NA	NA	NA	NA	NA	NA	NA	NA	NA	NA	NA	NA	NA
1-stearoyl-2-docosahexaenoyl-GPE (18_0_22_6)*	NA	NA	NA	NA	NA	NA	NA	NA	NA	NA	NA	NA	NA	NA	NA	NA	NA	NA	NA	NA	NA	NA	NA	NA	NA	NA	NA	NA	NA	NA	NA	NA	NA	NA	NA	NA	NA	NA	NA	NA	NA	NA	NA	NA	NA	NA	NA	NA	NA	NA	NA	NA	NA	NA	NA	NA	NA	NA	1	0	NA	NA	NA	NA	NA	NA	NA	NA	NA	NA	NA	NA	-0.0965365820323638	0.0204430409009711	2.33281585174144e-6	NA	NA	39.9882454117002	NA	NA	NA	NA	NA	NA	NA	NA	NA
1-stearoyl-2-oleoyl-GPE (18_0_18_1)	3	0	-0.081974250744207	0.0481139050290282	0.0884270838326292	-0.132825993413568	0.057979935887989	0.0219694391649406	-0.181798511112698	0.100590630261637	0.0707138661029812	3.0783841942063	18.9528984942783	44.8474654200542	-0.181798511112698	0.0326764379998296	2.64270844721037e-8	3.0783841942063	18.9528984942783	44.8474654200542	0.0422102548249432	0.71167764722893	0.952704464841598	-0.0178723157091383	0.0557423901182492	0.748495787972876	4.14562068221919	17.1861708408435	0	3	0	0.00335352180268639	0.0228129436325978	0.883131359866404	-0.0770227589561461	0.0317128616160392	0.0151507827782342	-0.101717125370623	0.0847748175844732	0.230197324326584	5.21142906086199	54.3179857127937	44.8474654200542	-0.101717125370623	0.0162670961447283	4.02804975185609e-10	5.21142906086199	54.3179857127937	44.8474654200542	0.345481134367106	0.649505342624784	0.594785400944566	-0.0337337946059369	0.0484292983086509	0.486079713755958	6.04756383163191	36.5730282976624	0.603434728781113	NA	NA	NA	NA	NA	NA	NA	NA	NA	NA	NA	NA	NA	NA	NA	NA	NA	NA	NA	NA	NA	NA	NA	NA	NA	NA	NA	NA	NA
1-stearyl-GPC (O-18_0)*	1	0	NA	NA	NA	NA	NA	NA	NA	NA	NA	NA	NA	NA	0.229191183358963	0.0381985305598272	1.9731752900754102e-9	NA	NA	86.0311314149178	NA	NA	NA	NA	NA	NA	NA	NA	NA	1	0	NA	NA	NA	NA	NA	NA	NA	NA	NA	NA	NA	NA	0.151839158975313	0.0171893387519222	1.01601674721985e-18	NA	NA	86.0311314149178	NA	NA	NA	NA	NA	NA	NA	NA	NA	1	0	NA	NA	NA	NA	NA	NA	NA	NA	NA	NA	NA	NA	0.0916764733435852	0.0133694856959395	7.02513719345833e-12	NA	NA	86.0311314149178	NA	NA	NA	NA	NA	NA	NA	NA	NA
1,2-dilinoleoyl-GPC (18_2_18_2)	1	0	NA	NA	NA	NA	NA	NA	NA	NA	NA	NA	NA	NA	-0.104007622513851	0.0156613794518927	3.1150783637078e-11	NA	NA	530.726182894194	NA	NA	NA	NA	NA	NA	NA	NA	NA	2	1	NA	NA	NA	NA	NA	NA	-0.059701685140993	0.0325823453015828	0.0669019210922975	4.88040583292518	23.8183610940501	281.523664245442	-0.059701685140993	0.00667615489715409	3.8037614983307794e-19	4.88040583292518	23.8183610940501	281.523664245442	NA	NA	NA	NA	NA	NA	NA	NA	NA	NA	NA	NA	NA	NA	NA	NA	NA	NA	NA	NA	NA	NA	NA	NA	NA	NA	NA	NA	NA	NA	NA	NA	NA	NA	NA	NA	NA	NA
1,3,7-trimethylurate	1	0	NA	NA	NA	NA	NA	NA	NA	NA	NA	NA	NA	NA	0.127946483113694	0.027010924212891	2.170741577788e-6	NA	NA	181.895068867201	NA	NA	NA	NA	NA	NA	NA	NA	NA	NA	NA	NA	NA	NA	NA	NA	NA	NA	NA	NA	NA	NA	NA	NA	NA	NA	NA	NA	NA	NA	NA	NA	NA	NA	NA	NA	NA	NA	NA	NA	NA	NA	NA	NA	NA	NA	NA	NA	NA	NA	NA	NA	NA	NA	NA	NA	NA	NA	NA	NA	NA	NA	NA	NA	NA	NA	NA
2-aminobutyrate	NA	NA	NA	NA	NA	NA	NA	NA	NA	NA	NA	NA	NA	NA	NA	NA	NA	NA	NA	NA	NA	NA	NA	NA	NA	NA	NA	NA	NA	3	0	0.053457092615813	0.0190432055152279	0.00499823018695229	0.089317010963321	0.0188286637173682	2.09878244728778e-6	0.0897767941478368	0.0374366736989014	0.0164804771673139	2.88656606549598	16.6645273009459	72.5306385528548	0.0897767941478368	0.012969276590061	4.44472775783175e-12	2.88656606549598	16.6645273009459	72.5306385528548	-0.184438608444479	0.168358345759845	0.273292338246184	0.0266698593264716	0.0161555283210314	0.0987754606434434	2.11505386326625	4.47345284451747	0.773265459160908	NA	NA	NA	NA	NA	NA	NA	NA	NA	NA	NA	NA	NA	NA	NA	NA	NA	NA	NA	NA	NA	NA	NA	NA	NA	NA	NA	NA	NA
2-arachidonoyl-GPC (20_4)*	1	0	NA	NA	NA	NA	NA	NA	NA	NA	NA	NA	NA	NA	-0.228074597937725	0.0443221890729183	2.66335811759332e-7	NA	NA	62.075115018467	NA	NA	NA	NA	NA	NA	NA	NA	NA	NA	NA	NA	NA	NA	NA	NA	NA	NA	NA	NA	NA	NA	NA	NA	NA	NA	NA	NA	NA	NA	NA	NA	NA	NA	NA	NA	NA	NA	NA	NA	NA	NA	NA	NA	NA	NA	NA	NA	NA	NA	NA	NA	NA	NA	NA	NA	NA	NA	NA	NA	NA	NA	NA	NA	NA	NA	NA
2-arachidonoyl-GPE (20_4)*	1	0	NA	NA	NA	NA	NA	NA	NA	NA	NA	NA	NA	NA	-0.1959619019529	0.0432939085709896	6.00208704627145e-6	NA	NA	66.4408407080084	NA	NA	NA	NA	NA	NA	NA	NA	NA	NA	NA	NA	NA	NA	NA	NA	NA	NA	NA	NA	NA	NA	NA	NA	NA	NA	NA	NA	NA	NA	NA	NA	NA	NA	NA	NA	NA	NA	NA	NA	NA	NA	NA	NA	NA	NA	NA	NA	NA	NA	NA	NA	NA	NA	NA	NA	NA	NA	NA	NA	NA	NA	NA	NA	NA	NA	NA
2-hydroxypalmitate	NA	NA	NA	NA	NA	NA	NA	NA	NA	NA	NA	NA	NA	NA	NA	NA	NA	NA	NA	NA	NA	NA	NA	NA	NA	NA	NA	NA	NA	1	0	NA	NA	NA	NA	NA	NA	NA	NA	NA	NA	NA	NA	0.120430819199254	0.0243567948942312	7.63613133991869e-7	NA	NA	54.9503355300861	NA	NA	NA	NA	NA	NA	NA	NA	NA	NA	NA	NA	NA	NA	NA	NA	NA	NA	NA	NA	NA	NA	NA	NA	NA	NA	NA	NA	NA	NA	NA	NA	NA	NA	NA	NA	NA	NA
2-linoleoyl-GPE (18_2)*	1	0	NA	NA	NA	NA	NA	NA	NA	NA	NA	NA	NA	NA	-0.153394762309189	0.0230980530118084	3.1150783637078097e-11	NA	NA	249.151629400474	NA	NA	NA	NA	NA	NA	NA	NA	NA	1	0	NA	NA	NA	NA	NA	NA	NA	NA	NA	NA	NA	NA	-0.0971302742035021	0.0100683820820703	5.0585756859016095e-22	NA	NA	249.151629400474	NA	NA	NA	NA	NA	NA	NA	NA	NA	1	0	NA	NA	NA	NA	NA	NA	NA	NA	NA	NA	NA	NA	-0.0509341681798853	0.00769935100393614	3.7058694702273194e-11	NA	NA	249.151629400474	NA	NA	NA	NA	NA	NA	NA	NA	NA
2-palmitoyl-GPE (16_0)*	2	0	NA	NA	NA	NA	NA	NA	-0.196264099756126	0.308009124017966	0.523993127281881	9.41782670883152	88.6954599175804	64.2412680703304	-0.196264099756126	0.0327049045964216	1.9603334571519904e-9	9.41782670883152	88.6954599175804	64.2412680703304	NA	NA	NA	NA	NA	NA	NA	NA	NA	NA	NA	NA	NA	NA	NA	NA	NA	NA	NA	NA	NA	NA	NA	NA	NA	NA	NA	NA	NA	NA	NA	NA	NA	NA	NA	NA	NA	NA	NA	NA	NA	NA	NA	NA	NA	NA	NA	NA	NA	NA	NA	NA	NA	NA	NA	NA	NA	NA	NA	NA	NA	NA	NA	NA	NA	NA	NA
2-stearoyl-GPE (18_0)*	NA	NA	NA	NA	NA	NA	NA	NA	NA	NA	NA	NA	NA	NA	NA	NA	NA	NA	NA	NA	NA	NA	NA	NA	NA	NA	NA	NA	NA	NA	NA	NA	NA	NA	NA	NA	NA	NA	NA	NA	NA	NA	NA	NA	NA	NA	NA	NA	NA	NA	NA	NA	NA	NA	NA	NA	NA	NA	2	0	NA	NA	NA	NA	NA	NA	-0.074405311252422	0.030204650624482	0.0137636767882706	2.41252438173421	5.82027389246202	50.2241730424434	-0.074405311252422	0.0125199359033088	2.7994354972564903e-9	2.41252438173421	5.82027389246202	50.2241730424434	NA	NA	NA	NA	NA	NA	NA	NA	NA
5-acetylamino-6-amino-3-methyluracil	2	0	NA	NA	NA	NA	NA	NA	0.0539853929639031	0.0232308431168898	0.0201326158922914	2.63500994591587	6.94327741507555	858.87553101483	0.0539853929639031	0.00881622597018901	9.15918600729983e-10	2.63500994591587	6.94327741507555	858.87553101483	NA	NA	NA	NA	NA	NA	NA	NA	NA	NA	NA	NA	NA	NA	NA	NA	NA	NA	NA	NA	NA	NA	NA	NA	NA	NA	NA	NA	NA	NA	NA	NA	NA	NA	NA	NA	NA	NA	NA	NA	NA	NA	NA	NA	NA	NA	NA	NA	NA	NA	NA	NA	NA	NA	NA	NA	NA	NA	NA	NA	NA	NA	NA	NA	NA	NA	NA
5-acetylamino-6-formylamino-3-methyluracil	2	0	NA	NA	NA	NA	NA	NA	0.0254239836138373	0.00839974966614948	0.00247194290630108	1.80185136924172	3.24666835683826	2997.8206129552	0.0254239836138373	0.00466173282077333	4.93150597928623e-8	1.80185136924172	3.24666835683826	2997.8206129552	NA	NA	NA	NA	NA	NA	NA	NA	NA	NA	NA	NA	NA	NA	NA	NA	NA	NA	NA	NA	NA	NA	NA	NA	NA	NA	NA	NA	NA	NA	NA	NA	NA	NA	NA	NA	NA	NA	NA	NA	NA	NA	NA	NA	NA	NA	NA	NA	NA	NA	NA	NA	NA	NA	NA	NA	NA	NA	NA	NA	NA	NA	NA	NA	NA	NA	NA
alpha-hydroxyisovalerate	3	0	0.0817359722649567	0.0525823074928371	0.120079814564215	0.161887143244856	0.0357831236624764	6.06473268979724e-6	0.166468678769007	0.11983433121639	0.164785068080302	4.62533275394097	42.7874061693584	72.143967936220207	0.166468678769007	0.0259082616519397	1.31598840295905e-10	4.62533275394097	42.7874061693584	72.143967936220207	0.697567512892055	0.969763742003362	0.471945644543873	-0.0485782948654466	0.0876595401733751	0.579462449022328	5.72140679863291	32.7344957554429	0.740184151787769	NA	NA	NA	NA	NA	NA	NA	NA	NA	NA	NA	NA	NA	NA	NA	NA	NA	NA	NA	NA	NA	NA	NA	NA	NA	NA	NA	NA	NA	NA	NA	NA	NA	NA	NA	NA	NA	NA	NA	NA	NA	NA	NA	NA	NA	NA	NA	NA	NA	NA	NA	NA	NA	NA	NA	NA	NA	NA
arachidonate (20_4n6)	1	0	NA	NA	NA	NA	NA	NA	NA	NA	NA	NA	NA	NA	-0.275612108829425	0.0535602478696858	2.66335811759332e-7	NA	NA	42.4680672207546	NA	NA	NA	NA	NA	NA	NA	NA	NA	NA	NA	NA	NA	NA	NA	NA	NA	NA	NA	NA	NA	NA	NA	NA	NA	NA	NA	NA	NA	NA	NA	NA	NA	NA	NA	NA	NA	NA	NA	NA	NA	NA	NA	NA	NA	NA	NA	NA	NA	NA	NA	NA	NA	NA	NA	NA	NA	NA	NA	NA	NA	NA	NA	NA	NA	NA	NA
cholesterol	3	0	-0.158064024517094	0.0382234565065776	3.54549198178675e-5	-0.222914473239894	0.051062137704734	1.26801496415599e-5	-0.282464136386815	0.137232365163129	0.0395622116255379	4.78906861647255	45.8703564265645	54.3320620352044	-0.282464136386815	0.028655334920678	6.37424728751039e-23	4.78906861647255	45.8703564265645	54.3320620352044	-0.676760978583153	0.783122730943883	0.387487630640354	0.037745096548816	0.0731261042755205	0.605739546139274	6.01833267034238	36.2203281309104	0	NA	NA	NA	NA	NA	NA	NA	NA	NA	NA	NA	NA	NA	NA	NA	NA	NA	NA	NA	NA	NA	NA	NA	NA	NA	NA	NA	NA	NA	NA	NA	NA	NA	NA	NA	NA	NA	NA	NA	NA	NA	NA	NA	NA	NA	NA	NA	NA	NA	NA	NA	NA	NA	NA	NA	NA	NA	NA
cysteine sulfinic acid	1	0	NA	NA	NA	NA	NA	NA	NA	NA	NA	NA	NA	NA	0.364303125509905	0.0564563323158624	1.09780349287736e-10	NA	NA	31.7441430874717	NA	NA	NA	NA	NA	NA	NA	NA	NA	1	0	NA	NA	NA	NA	NA	NA	NA	NA	NA	NA	NA	NA	0.190673273293196	0.0244999177974497	7.1044117485605e-15	NA	NA	31.7441430874717	NA	NA	NA	NA	NA	NA	NA	NA	NA	NA	NA	NA	NA	NA	NA	NA	NA	NA	NA	NA	NA	NA	NA	NA	NA	NA	NA	NA	NA	NA	NA	NA	NA	NA	NA	NA	NA	NA
docosahexaenoate (DHA; 22_6n3)	2	2	NA	NA	NA	NA	NA	NA	0.161944648603609	0.156594139608118	0.301057629815626	4.17181824312774	17.4040674536934	50.0879712838747	0.161944648603609	0.0375361845799673	1.60065249168144e-5	4.17181824312774	17.4040674536934	50.0879712838747	NA	NA	NA	NA	NA	NA	NA	NA	NA	2	1	NA	NA	NA	NA	NA	NA	0.150438445171692	0.0576036536599282	0.00901162265164845	3.335885051491	11.1281290767611	50.0879712838747	0.150438445171692	0.0172678772711853	2.98453152356403e-18	3.335885051491	11.1281290767611	50.0879712838747	NA	NA	NA	NA	NA	NA	NA	NA	NA	2	1	NA	NA	NA	NA	NA	NA	0.0652958839847776	0.0612698785403786	0.286555038244761	4.69387652803726	22.0324768604592	50.0879712838747	0.0652958839847776	0.0130531508816655	5.66479244428748e-7	4.69387652803726	22.0324768604592	50.0879712838747	NA	NA	NA	NA	NA	NA	NA	NA	NA
dopamine sulfate (2)	2	0	NA	NA	NA	NA	NA	NA	0.305636815599036	0.232515979550404	0.188685865717615	6.88062114572007	47.3429473509302	60.2981645076713	0.305636815599036	0.0337928763444613	1.5046794870743698e-19	6.88062114572007	47.3429473509302	60.2981645076713	NA	NA	NA	NA	NA	NA	NA	NA	NA	NA	NA	NA	NA	NA	NA	NA	NA	NA	NA	NA	NA	NA	NA	NA	NA	NA	NA	NA	NA	NA	NA	NA	NA	NA	NA	NA	NA	NA	NA	NA	NA	NA	NA	NA	NA	NA	NA	NA	NA	NA	NA	NA	NA	NA	NA	NA	NA	NA	NA	NA	NA	NA	NA	NA	NA	NA	NA
gamma-glutamyl-2-aminobutyrate	2	1	NA	NA	NA	NA	NA	NA	-0.144238427551352	0.0611407824073848	0.0183183432809382	1.99068348773788	3.96282074835224	64.5608839863081	-0.144238427551352	0.0307134623781214	2.64967272283727e-6	1.99068348773788	3.96282074835224	64.5608839863081	NA	NA	NA	NA	NA	NA	NA	NA	NA	NA	NA	NA	NA	NA	NA	NA	NA	NA	NA	NA	NA	NA	NA	NA	NA	NA	NA	NA	NA	NA	NA	NA	NA	NA	NA	NA	NA	NA	NA	NA	NA	NA	NA	NA	NA	NA	NA	NA	NA	NA	NA	NA	NA	NA	NA	NA	NA	NA	NA	NA	NA	NA	NA	NA	NA	NA	NA
glutamate	1	0	NA	NA	NA	NA	NA	NA	NA	NA	NA	NA	NA	NA	-0.492964382456945	0.058259427017639	2.63873009612379e-17	NA	NA	41.3594915140326	NA	NA	NA	NA	NA	NA	NA	NA	NA	NA	NA	NA	NA	NA	NA	NA	NA	NA	NA	NA	NA	NA	NA	NA	NA	NA	NA	NA	NA	NA	NA	NA	NA	NA	NA	NA	NA	NA	NA	NA	NA	NA	NA	NA	NA	NA	NA	NA	NA	NA	NA	NA	NA	NA	NA	NA	NA	NA	NA	NA	NA	NA	NA	NA	NA	NA	NA
N-acetylmethionine	1	0	NA	NA	NA	NA	NA	NA	NA	NA	NA	NA	NA	NA	-0.445568854014062	0.0506589911540536	1.42470056976143e-18	NA	NA	50.8372323149209	NA	NA	NA	NA	NA	NA	NA	NA	NA	NA	NA	NA	NA	NA	NA	NA	NA	NA	NA	NA	NA	NA	NA	NA	NA	NA	NA	NA	NA	NA	NA	NA	NA	NA	NA	NA	NA	NA	NA	NA	NA	NA	NA	NA	NA	NA	NA	NA	NA	NA	NA	NA	NA	NA	NA	NA	NA	NA	NA	NA	NA	NA	NA	NA	NA	NA	NA
O-sulfo-L-tyrosine	2	0	NA	NA	NA	NA	NA	NA	-0.144284715512398	0.200442877839552	0.471629920977684	8.78588680223397	77.191806901669	145.853384286527	-0.144284715512398	0.0228141885220494	2.54315008183908e-10	8.78588680223397	77.191806901669	145.853384286527	NA	NA	NA	NA	NA	NA	NA	NA	NA	2	0	NA	NA	NA	NA	NA	NA	-0.0547507504283518	0.0679980011173697	0.42071479869142703	6.13247341669203	37.6072302064345	145.853384286527	-0.0547507504283518	0.0110881852226681	7.90267294747816e-7	6.13247341669203	37.6072302064345	145.853384286527	NA	NA	NA	NA	NA	NA	NA	NA	NA	2	0	NA	NA	NA	NA	NA	NA	-0.0445366366333603	0.0392737530102743	0.256792404205875	4.83566817857045	23.3836867332389	145.853384286527	-0.0445366366333603	0.00812168071918546	4.16585840596694e-8	4.83566817857045	23.3836867332389	145.853384286527	NA	NA	NA	NA	NA	NA	NA	NA	NA
ornithine	2	0	NA	NA	NA	NA	NA	NA	-0.151786406229612	0.245264176747602	0.536002634011492	8.6351126921124	74.5651712054806	83.0067756265591	-0.151786406229612	0.0284031240231103	9.09155983980073e-8	8.6351126921124	74.5651712054806	83.0067756265591	NA	NA	NA	NA	NA	NA	NA	NA	NA	NA	NA	NA	NA	NA	NA	NA	NA	NA	NA	NA	NA	NA	NA	NA	NA	NA	NA	NA	NA	NA	NA	NA	NA	NA	NA	NA	NA	NA	NA	NA	NA	NA	NA	NA	NA	NA	NA	NA	NA	NA	NA	NA	NA	NA	NA	NA	NA	NA	NA	NA	NA	NA	NA	NA	NA	NA	NA
palmitoylcarnitine	NA	NA	NA	NA	NA	NA	NA	NA	NA	NA	NA	NA	NA	NA	NA	NA	NA	NA	NA	NA	NA	NA	NA	NA	NA	NA	NA	NA	NA	2	0	NA	NA	NA	NA	NA	NA	0.037959267774234	0.0691017690997052	0.582783044719104	7.92417744220876	62.7925881356101	223.048304670997	0.037959267774234	0.00872037124403968	1.34322869432733e-5	7.92417744220876	62.7925881356101	223.048304670997	NA	NA	NA	NA	NA	NA	NA	NA	NA	2	0	NA	NA	NA	NA	NA	NA	0.0376457828279913	0.0343631529845779	0.273285556755043	5.09553826537558	25.9645102139067	223.048304670997	0.0376457828279913	0.00674377292347644	2.37354594402579e-8	5.09553826537558	25.9645102139067	223.048304670997	NA	NA	NA	NA	NA	NA	NA	NA	NA
sphinganine	1	0	NA	NA	NA	NA	NA	NA	NA	NA	NA	NA	NA	NA	0.467108446588441	0.038031794189873	1.13093902946272e-34	NA	NA	83.5636521618169	NA	NA	NA	NA	NA	NA	NA	NA	NA	1	0	NA	NA	NA	NA	NA	NA	NA	NA	NA	NA	NA	NA	0.0887408531097038	0.0165779615699447	8.65359870099925e-8	NA	NA	83.5636521618169	NA	NA	NA	NA	NA	NA	NA	NA	NA	1	0	NA	NA	NA	NA	NA	NA	NA	NA	NA	NA	NA	NA	0.0555849299698145	0.0126772647299577	1.16190883796245e-5	NA	NA	83.5636521618169	NA	NA	NA	NA	NA	NA	NA	NA	NA
sphingomyelin (d18_1_15_0, d16_1_17_0)*	NA	NA	NA	NA	NA	NA	NA	NA	NA	NA	NA	NA	NA	NA	NA	NA	NA	NA	NA	NA	NA	NA	NA	NA	NA	NA	NA	NA	NA	NA	NA	NA	NA	NA	NA	NA	NA	NA	NA	NA	NA	NA	NA	NA	NA	NA	NA	NA	NA	NA	NA	NA	NA	NA	NA	NA	NA	NA	3	0	0.0251602382107713	0.00537264642116081	2.82671841194678e-6	0.0245129112177614	0.00526259649369338	3.19373787659412e-6	0.022251887919258	0.00805465999943882	0.00573411566173888	1.61308911397991	5.20411297928095	255.628548525056	0.022251887919258	0.00499331371691295	8.33719961901708e-6	1.61308911397991	5.20411297928095	255.628548525056	0.0309258408346577	0.0112705123764306	0.00607028406477306	-0.00209883837286898	0.00196967485781572	0.286615326339519	1.56109170779049	2.43700732013223	0.99193355433359
sphingomyelin (d18_1_18_1, d18_2_18_0)	NA	NA	NA	NA	NA	NA	NA	NA	NA	NA	NA	NA	NA	NA	NA	NA	NA	NA	NA	NA	NA	NA	NA	NA	NA	NA	NA	NA	NA	NA	NA	NA	NA	NA	NA	NA	NA	NA	NA	NA	NA	NA	NA	NA	NA	NA	NA	NA	NA	NA	NA	NA	NA	NA	NA	NA	NA	NA	3	0	0.0130147502291423	0.015458781690351	0.399843860669331	0.0317751098704247	0.00780484951804099	4.67714025320709e-5	0.0336142330359377	0.0159325380164352	0.0348768611258614	2.78351874312935	15.4959531867047	173.066583572615	0.0336142330359377	0.00572388386310027	4.2894371791076205e-9	2.78351874312935	15.4959531867047	173.066583572615	0.0677507222612052	0.0666645213989143	0.309489625238035	-0.00519188283626489	0.00967895668606424	0.591675672850653	3.46893290598	12.0334955061909	0.920542428037243
sphingomyelin (d18_1_22_1, d18_2_22_0, d16_1_24_1)*	NA	NA	NA	NA	NA	NA	NA	NA	NA	NA	NA	NA	NA	NA	NA	NA	NA	NA	NA	NA	NA	NA	NA	NA	NA	NA	NA	NA	NA	2	0	NA	NA	NA	NA	NA	NA	0.103806059614011	0.101035276969651	0.304220896155301	6.25586064572576	39.1357924187404	54.4139683699471	0.103806059614011	0.0161504999377955	1.2978715681564e-10	6.25586064572576	39.1357924187404	54.4139683699471	NA	NA	NA	NA	NA	NA	NA	NA	NA	2	0	NA	NA	NA	NA	NA	NA	0.0575520198480569	0.0596528501002875	0.334653813388954	4.84822541430336	23.5052896678969	54.4139683699471	0.0575520198480569	0.0123040587024477	2.90418282537187e-6	4.84822541430336	23.5052896678969	54.4139683699471	NA	NA	NA	NA	NA	NA	NA	NA	NA
sphingomyelin (d18_2_14_0, d18_1_14_1)*	1	0	NA	NA	NA	NA	NA	NA	NA	NA	NA	NA	NA	NA	0.308556217432311	0.0516412079384621	2.30090183196327e-9	NA	NA	49.7414053995629	NA	NA	NA	NA	NA	NA	NA	NA	NA	1	0	NA	NA	NA	NA	NA	NA	NA	NA	NA	NA	NA	NA	0.20785586195231	0.0232385435723079	3.7382535008626e-19	NA	NA	49.7414053995629	NA	NA	NA	NA	NA	NA	NA	NA	NA	1	0	NA	NA	NA	NA	NA	NA	NA	NA	NA	NA	NA	NA	0.123938899052309	0.0180744227784617	7.02513719345833e-12	NA	NA	49.7414053995629	NA	NA	NA	NA	NA	NA	NA	NA	NA
sphingomyelin (d18_2_24_1, d18_1_24_2)*	1	1	NA	NA	NA	NA	NA	NA	NA	NA	NA	NA	NA	NA	0.262593916153699	0.0437656526922831	1.9731752900754102e-9	NA	NA	72.8628909697111	NA	NA	NA	NA	NA	NA	NA	NA	NA	1	1	NA	NA	NA	NA	NA	NA	NA	NA	NA	NA	NA	NA	0.169725336050561	0.019214188986856	1.01601674721985e-18	NA	NA	72.8628909697111	NA	NA	NA	NA	NA	NA	NA	NA	NA	1	1	NA	NA	NA	NA	NA	NA	NA	NA	NA	NA	NA	NA	0.102475674596565	0.0149443692119991	7.02513719345833e-12	NA	NA	72.8628909697111	NA	NA	NA	NA	NA	NA	NA	NA	NA
succinimide	1	0	NA	NA	NA	NA	NA	NA	NA	NA	NA	NA	NA	NA	0.0468328001711739	0.00900630772522575	1.9928852633867e-7	NA	NA	1523.20348135226	NA	NA	NA	NA	NA	NA	NA	NA	NA	NA	NA	NA	NA	NA	NA	NA	NA	NA	NA	NA	NA	NA	NA	NA	NA	NA	NA	NA	NA	NA	NA	NA	NA	NA	NA	NA	NA	NA	NA	NA	NA	NA	NA	NA	NA	NA	NA	NA	NA	NA	NA	NA	NA	NA	NA	NA	NA	NA	NA	NA	NA	NA	NA	NA	NA	NA	NA
tyrosine	1	0	NA	NA	NA	NA	NA	NA	NA	NA	NA	NA	NA	NA	-0.173806785281022	0.0300057316608931	6.936581143682141e-9	NA	NA	154.965188547732	NA	NA	NA	NA	NA	NA	NA	NA	NA	NA	NA	NA	NA	NA	NA	NA	NA	NA	NA	NA	NA	NA	NA	NA	NA	NA	NA	NA	NA	NA	NA	NA	NA	NA	NA	NA	NA	NA	NA	NA	NA	NA	NA	NA	NA	NA	NA	NA	NA	NA	NA	NA	NA	NA	NA	NA	NA	NA	NA	NA	NA	NA	NA	NA	NA	NA	NA
X - 11441	1	0	NA	NA	NA	NA	NA	NA	NA	NA	NA	NA	NA	NA	0.0570080612687561	0.01096308870553	1.99288526338669e-7	NA	NA	1009.34356381637	NA	NA	NA	NA	NA	NA	NA	NA	NA	NA	NA	NA	NA	NA	NA	NA	NA	NA	NA	NA	NA	NA	NA	NA	NA	NA	NA	NA	NA	NA	NA	NA	NA	NA	NA	NA	NA	NA	NA	NA	NA	NA	NA	NA	NA	NA	NA	NA	NA	NA	NA	NA	NA	NA	NA	NA	NA	NA	NA	NA	NA	NA	NA	NA	NA	NA	NA
X - 11442	1	0	NA	NA	NA	NA	NA	NA	NA	NA	NA	NA	NA	NA	0.054486757923429	0.0104782226775825	1.99288526338669e-7	NA	NA	1156.27897251311	NA	NA	NA	NA	NA	NA	NA	NA	NA	NA	NA	NA	NA	NA	NA	NA	NA	NA	NA	NA	NA	NA	NA	NA	NA	NA	NA	NA	NA	NA	NA	NA	NA	NA	NA	NA	NA	NA	NA	NA	NA	NA	NA	NA	NA	NA	NA	NA	NA	NA	NA	NA	NA	NA	NA	NA	NA	NA	NA	NA	NA	NA	NA	NA	NA	NA	NA
X - 11849	1	0	NA	NA	NA	NA	NA	NA	NA	NA	NA	NA	NA	NA	-0.202535492566044	0.0405070985132088	5.7330314375839e-7	NA	NA	55.7722592744359	NA	NA	NA	NA	NA	NA	NA	NA	NA	NA	NA	NA	NA	NA	NA	NA	NA	NA	NA	NA	NA	NA	NA	NA	NA	NA	NA	NA	NA	NA	NA	NA	NA	NA	NA	NA	NA	NA	1	0	NA	NA	NA	NA	NA	NA	NA	NA	NA	NA	NA	NA	-0.0689715461170853	0.0142322238019382	1.25877917596925e-6	NA	NA	55.7722592744359	NA	NA	NA	NA	NA	NA	NA	NA	NA
X - 12339	3	1	0.0585598685353122	0.0280915097483376	0.0371046306575579	0.0807006568628445	0.0319659453708769	0.0115835909616905	0.114313895647321	0.0614273816708397	0.0627498360699424	2.75130546036208	15.1393634724364	93.301065525265	0.114313895647321	0.0223266309596739	3.05423552518167e-7	2.75130546036208	15.1393634724364	93.301065525265	0.146812534179029	0.227292214053994	0.518331316674222	-0.0044107914438406	0.0285633054033945	0.877277320216938	3.84535537637971	14.7867579706523	0.845099618678714	NA	NA	NA	NA	NA	NA	NA	NA	NA	NA	NA	NA	NA	NA	NA	NA	NA	NA	NA	NA	NA	NA	NA	NA	NA	NA	NA	NA	NA	NA	NA	NA	NA	NA	NA	NA	NA	NA	NA	NA	NA	NA	NA	NA	NA	NA	NA	NA	NA	NA	NA	NA	NA	NA	NA	NA	NA	NA
X - 16946	1	0	NA	NA	NA	NA	NA	NA	NA	NA	NA	NA	NA	NA	0.0401189898377827	0.00771519035341975	1.9928852633867e-7	NA	NA	1662.06312171492	NA	NA	NA	NA	NA	NA	NA	NA	NA	NA	NA	NA	NA	NA	NA	NA	NA	NA	NA	NA	NA	NA	NA	NA	NA	NA	NA	NA	NA	NA	NA	NA	NA	NA	NA	NA	NA	NA	NA	NA	NA	NA	NA	NA	NA	NA	NA	NA	NA	NA	NA	NA	NA	NA	NA	NA	NA	NA	NA	NA	NA	NA	NA	NA	NA	NA	NA
X - 18886	1	0	NA	NA	NA	NA	NA	NA	NA	NA	NA	NA	NA	NA	0.311224594045829	0.0387848278294194	1.0203146675882102e-15	NA	NA	70.6382041267895	NA	NA	NA	NA	NA	NA	NA	NA	NA	NA	NA	NA	NA	NA	NA	NA	NA	NA	NA	NA	NA	NA	NA	NA	NA	NA	NA	NA	NA	NA	NA	NA	NA	NA	NA	NA	NA	NA	NA	NA	NA	NA	NA	NA	NA	NA	NA	NA	NA	NA	NA	NA	NA	NA	NA	NA	NA	NA	NA	NA	NA	NA	NA	NA	NA	NA	NA
X - 21792	NA	NA	NA	NA	NA	NA	NA	NA	NA	NA	NA	NA	NA	NA	NA	NA	NA	NA	NA	NA	NA	NA	NA	NA	NA	NA	NA	NA	NA	NA	NA	NA	NA	NA	NA	NA	NA	NA	NA	NA	NA	NA	NA	NA	NA	NA	NA	NA	NA	NA	NA	NA	NA	NA	NA	NA	NA	NA	2	1	NA	NA	NA	NA	NA	NA	0.0126264611107327	0.00783868726738661	0.107226000769124	2.81558990619056	7.92754651984218	1054.72983807704	0.0126264611107327	0.00278403017788631	5.75168627875563e-6	2.81558990619056	7.92754651984218	1054.72983807704	NA	NA	NA	NA	NA	NA	NA	NA	NA
X - 24020	2	0	NA	NA	NA	NA	NA	NA	-0.0766321110040782	0.117147116465386	0.513013385092591	8.5609382630263	73.2896639433478	264.773170281388	-0.0766321110040782	0.0136839109062765	2.14152198849187e-8	8.5609382630263	73.2896639433478	264.773170281388	NA	NA	NA	NA	NA	NA	NA	NA	NA	NA	NA	NA	NA	NA	NA	NA	NA	NA	NA	NA	NA	NA	NA	NA	NA	NA	NA	NA	NA	NA	NA	NA	NA	NA	NA	NA	NA	NA	NA	NA	NA	NA	NA	NA	NA	NA	NA	NA	NA	NA	NA	NA	NA	NA	NA	NA	NA	NA	NA	NA	NA	NA	NA	NA	NA	NA	NA
X - 24295	1	0	NA	NA	NA	NA	NA	NA	NA	NA	NA	NA	NA	NA	-0.633491550047581	0.0541107365665642	1.16921020674126e-31	NA	NA	43.9454723333939	NA	NA	NA	NA	NA	NA	NA	NA	NA	1	0	NA	NA	NA	NA	NA	NA	NA	NA	NA	NA	NA	NA	-0.33258306377498	0.0263954812519826	2.1114451161773e-36	NA	NA	43.9454723333939	NA	NA	NA	NA	NA	NA	NA	NA	NA	NA	NA	NA	NA	NA	NA	NA	NA	NA	NA	NA	NA	NA	NA	NA	NA	NA	NA	NA	NA	NA	NA	NA	NA	NA	NA	NA	NA	NA
xanthine	1	0	NA	NA	NA	NA	NA	NA	NA	NA	NA	NA	NA	NA	0.379538266180115	0.0593898509426097	1.65209087423813e-10	NA	NA	44.0798063105661	NA	NA	NA	NA	NA	NA	NA	NA	NA	NA	NA	NA	NA	NA	NA	NA	NA	NA	NA	NA	NA	NA	NA	NA	NA	NA	NA	NA	NA	NA	NA	NA	NA	NA	NA	NA	NA	NA	1	0	NA	NA	NA	NA	NA	NA	NA	NA	NA	NA	NA	NA	0.796195189199362	0.0213432276825004	1.39523989138976e-293	NA	NA	44.0798063105661	NA	NA	NA	NA	NA	NA	NA	NA	NA
