variant	rsid	manual_proxy	T2DM
1:1564194:C:T	rs3935032	NA	-0.0116
1:6676040:A:G	rs12725767	NA	-0.0325
1:7728391:T:G	rs1891216	NA	-0.0047
1:23299220:A:G	rs309535	NA	0.0077
1:33775350:G:A	rs189727255	NA	-0.0019
1:39672545:T:G	rs17491275	NA	-0.0623
1:47661868:C:G	rs4926719	NA	0.0216
1:49782772:A:G	rs241460	NA	0.0022
1:62579891:G:T	rs12140153	NA	NA
1:66461401:A:G	rs2503185	NA	0.0046
1:72753825:A:T	rs2613497	NA	-0.036
1:74992546:G:C	rs6604866	NA	-0.0042
1:77967523:C:T	rs12049202	NA	0.0091
1:91197709:C:T	rs955407	NA	-0.0109
1:96943994:T:C	rs1973993	NA	-0.0181
1:98327133:A:C	rs75641275	NA	-0.0166
1:107616641:T:C	rs9435341	NA	0.0175
1:110082551:T:G	rs41279738	NA	-0.0553
1:115042415:C:T	rs11102802	NA	NA
1:156049877:C:T	rs61813324	NA	NA
1:174377435:A:G	rs61826867	NA	-0.0075
1:177889025:A:C	rs539515	NA	-0.0386
1:190294726:T:C	rs815163	NA	0.0152
1:195050526:A:G	rs1490382	NA	0.015
1:201800511:T:G	rs2678204	NA	-0.0273
1:209439141:T:C	rs12096864	NA	-0.0266
1:243584345:G:A	rs12037698	NA	-0.0244
2:420443:G:A	rs563738408	NA	-0.0802
2:635864:A:G	rs6751993	NA	0.0457
2:25195577:T:C	rs76286777	NA	-0.0049
2:36794316:C:T	rs848635	NA	0.0138
2:40282202:G:A	rs10185199	NA	NA
2:50751414:C:A	rs13420048	NA	-0.0042
2:58935282:T:G	rs4671328	NA	0.0331
2:59311536:G:A	rs980183	NA	-0.0383
2:67838719:T:C	rs2861692	NA	0.0169
2:76461202:G:A	rs2901756	NA	NA
2:100838157:C:T	rs12619178	NA	-0.0127
2:104421692:G:A	rs6711584	NA	0.012
2:113957637:A:G	rs2015769	NA	0.0081
2:133461865:A:C	rs72844755	NA	-0.0092
2:146015229:G:A	rs114964326	NA	NA
2:155125644:G:A	rs13423444	NA	0.0216
2:161105876:G:A	rs10803762	NA	0.0304
2:171631258:G:T	rs4668314	NA	-0.014
2:175241566:G:A	rs72917544	NA	-0.0313
2:181567556:T:A	rs1609303	NA	0.0274
2:203931012:A:G	rs7593917	NA	-0.0017
2:205375909:C:A	rs4482463	NA	NA
2:212299249:A:C	rs73985439	NA	-0.014
2:213414265:A:G	rs13427822	NA	0.0029
2:230816703:G:A	rs2433733	NA	-0.0195
3:9504099:G:A	rs62246314	NA	0.0409
3:12329279:T:C	rs183181489	NA	NA
3:15681940:C:A	rs2455821	NA	0.0227
3:35674248:C:G	rs9867068	NA	-0.0232
3:49920571:T:C	rs9843653	NA	-0.0248
3:61251635:G:A	rs17639546	NA	-0.024
3:62471282:C:T	rs9968060	NA	NA
3:82694710:A:G	rs1598121	NA	-0.0183
3:85898626:A:G	rs62261725	NA	0.0176
3:88064401:A:G	rs73140125	NA	0.0263
3:94038085:C:G	rs1454687	NA	0.0234
3:104624105:A:T	rs6780459	NA	-0.0099
3:131620702:A:G	rs369930270	NA	0.0292
3:136005792:C:G	rs7653249	NA	-0.032
3:141178670:G:C	rs9289630	NA	0.0045
3:156795468:A:G	rs13322435	NA	-0.0278
3:161434707:A:G	rs6790206	NA	-0.0132
3:170724883:T:C	rs8192675	NA	0.053
3:185826740:T:G	rs869400	NA	-0.0339
3:195977856:C:A	rs75159962	NA	0.0134
4:3284340:G:A	rs12500459	NA	0.0334
4:18329824:A:G	rs2192527	NA	-0.0015
4:28489339:A:T	rs73213484	NA	0.0141
4:45186139:G:A	rs10938398	NA	0.0429
4:55513275:T:C	rs11133338	NA	0.005
4:67803507:A:T	rs1383723	NA	0.0179
4:96153214:A:G	rs34656389	NA	-0.0217
4:100239319:T:C	rs1229984	NA	-0.0645
4:102708997:C:A	rs7377083	NA	NA
4:130749658:G:T	rs2955474	NA	-0.015
4:137094048:C:A	rs1724557	NA	-0.0204
4:140874760:G:A	rs809955	NA	-0.0257
4:152931436:T:C	rs750090	NA	3e-4
5:236760:C:A	rs10057678	NA	0.0197
5:43160167:G:A	rs10057588	NA	0.0165
5:55860866:G:T	rs3936510	NA	0.0576
5:75003678:T:C	rs2307111	NA	0.038
5:87682877:C:G	rs7442885	NA	0.029
5:87986314:C:A	rs34483452	NA	0.0368
5:92251840:C:A	rs67632512	NA	NA
5:103940415:T:A	rs254027	NA	0.012
5:107433446:T:A	rs286818	NA	-0.0262
5:122657199:G:A	rs1582931	NA	-0.0118
5:130367792:A:G	rs7341051	NA	NA
5:139084092:A:G	rs7728095	NA	-0.0014
5:153167595:A:G	rs2126165	NA	0.0046
5:170532105:A:G	rs245775	NA	-0.0129
6:2030663:G:T	rs11242730	NA	0.0105
6:12142817:A:G	rs10947793	NA	0.0087
6:13180454:T:C	rs11757278	NA	0.0066
6:26159356:G:A	rs2183947	NA	-0.0208
6:31671498:T:C	rs28366156	NA	4e-4
6:33389603:C:T	rs7752202	NA	0.0193
6:34552110:A:G	rs2744938	NA	0.0051
6:40369081:C:T	rs34045288	NA	0.0298
6:50816887:G:T	rs72892910	NA	0.0443
6:51175486:T:C	rs13211684	NA	-0.0112
6:51769619:A:G	rs1321519	NA	-0.0122
6:53789830:G:T	rs9370243	NA	0.0386
6:83433228:G:A	rs9294260	NA	NA
6:97947755:C:G	rs10499014	NA	0.0151
6:98421721:T:C	rs6938973	NA	-0.0208
6:108888593:C:G	rs2253310	NA	-0.0153
6:126090277:T:C	rs1159974	NA	-0.0233
6:143117026:T:C	rs12199502	NA	0.024
6:154336892:T:C	rs9688977	NA	-0.0255
7:1887037:T:C	rs73046334	NA	0.0442
7:2862542:C:A	rs1182199	NA	-0.0069
7:3139433:C:T	rs6971695	NA	0.0185
7:32378979:G:A	rs215669	NA	-0.0189
7:39429036:T:C	rs17686887	NA	0.0259
7:50578023:G:T	rs1470749	NA	-0.0116
7:70038969:G:T	rs4718964	NA	0.0108
7:75050086:T:C	rs236660	NA	0.0051
7:76619384:T:C	rs141113829	NA	-0.0347
7:92250140:T:G	rs42044	NA	0.0232
7:99023246:C:G	rs28457808	NA	0.0124
7:103417134:G:T	rs262338	NA	0.022
7:121955981:G:T	rs10237306	NA	0.0193
7:133529648:A:C	rs17167306	NA	0.0266
7:150668070:C:T	rs10236214	NA	0.0156
8:14207321:C:T	rs1559900	NA	0.0152
8:27261138:C:G	rs117176448	NA	-0.015
8:30863938:T:C	rs10954772	NA	0.03
8:43085868:T:A	rs10104151	NA	-0.009
8:64702385:A:T	rs13264909	NA	0.0185
8:73443198:G:T	rs12679106	NA	-0.0163
8:76660225:G:A	rs2596121	NA	-0.023
8:95359638:T:G	rs12680342	NA	-0.0019
8:116659731:C:T	rs17716502	NA	NA
8:142624527:G:T	rs1566085	NA	NA
8:143300279:G:A	rs4072917	NA	0.0113
9:15846112:C:T	rs4741546	NA	-0.0168
9:16728532:A:C	rs1411432	NA	-0.0204
9:28418511:G:A	rs13288841	NA	0.0429
9:81370555:G:A	rs10780248	NA	-0.0188
9:92209151:G:C	rs12335914	NA	0.0126
9:94182363:G:T	rs2482704	NA	-0.002
9:96430115:C:T	rs10992841	NA	-0.0176
9:103065884:C:T	rs3923501	NA	0.0118
9:111944243:C:T	rs7869988	NA	-0.0033
9:122957315:A:T	rs1019240	NA	-0.0108
9:126586563:C:A	rs1752169	NA	0.0262
9:129408290:C:T	rs7027304	NA	NA
10:16750129:G:T	rs7893571	NA	0.0211
10:21847178:C:G	rs10828250	NA	0.0048
10:33957467:T:A	rs12416587	NA	0.0126
10:36230921:C:T	rs1571136	NA	0.0108
10:80941936:G:C	rs3915932	NA	-0.0578
10:87490850:A:G	rs17399739	NA	-0.0249
10:99778226:A:G	rs2439823	NA	-0.0087
10:104597480:T:C	rs2486758	NA	0.0251
10:118777371:C:T	rs10787738	NA	0.0205
10:133978962:T:C	rs2172131	NA	0.0128
11:8694830:G:A	rs10128597	NA	-0.0384
11:13346294:T:C	rs11824092	NA	-0.018
11:27709630:C:G	rs61888762	NA	-0.0256
11:30233493:C:T	rs12805742	NA	-0.0243
11:43703235:T:C	rs11037563	NA	NA
11:43934592:C:T	rs7115013	NA	NA
11:47723540:A:G	rs7117115	NA	-0.0309
11:65301410:A:G	rs1144928	NA	-0.0456
11:65924217:C:G	rs801738	NA	0.0089
11:85233733:C:T	rs7127991	NA	-0.0162
11:89922417:A:G	rs61903695	NA	-0.0164
11:113234679:T:C	rs719802	NA	0.0125
11:115022404:A:G	rs12286929	NA	-0.0162
11:116782974:T:G	rs11216185	NA	0.0012
11:130796248:A:G	rs7933085	NA	-0.0216
11:132700741:T:C	rs11601136	NA	-0.0137
11:134518868:C:T	rs12806052	NA	-0.0117
12:991306:G:A	rs55726687	NA	0.0142
12:4384844:T:G	rs76895963	NA	0.4673
12:14415382:G:A	rs150460514	NA	-0.0248
12:17763314:T:C	rs12817084	NA	0.0216
12:41850195:A:G	rs1379765	NA	-0.0251
12:50256063:C:T	rs12367809	NA	0.0313
12:54418166:A:G	rs894736	NA	0.0172
12:89771903:T:C	rs704061	NA	-0.0127
12:108618630:C:T	rs3764002	NA	-0.0408
12:120846213:G:A	rs61945850	NA	NA
12:122606837:C:T	rs11059094	NA	-0.0029
12:123070616:G:T	rs7137722	NA	-0.0047
12:133471969:C:T	rs56867185	NA	0.0219
13:28012527:A:G	rs9512696	NA	-0.0217
13:31017258:C:T	rs12855502	NA	-0.0202
13:54396602:C:T	rs1379828	NA	-0.014
13:54828961:T:G	rs7995015	NA	0.0146
13:58627256:T:C	rs2121058	NA	0.0325
13:79580919:G:A	rs1441264	NA	0.0205
13:97047020:G:A	rs12877270	NA	0.015
13:111977280:G:T	rs9522183	NA	-0.0098
13:112220208:C:T	rs9522276	NA	0.0173
14:25934244:A:C	rs8013377	NA	0.0239
14:29680331:G:A	rs4981693	NA	0.0243
14:47296286:T:C	rs1491905	NA	0.0225
14:62361021:A:C	rs217672	NA	-0.0086
14:79890677:C:T	rs2370982	NA	0.0485
14:94023972:G:A	rs6575340	NA	0.0141
14:101146413:A:G	rs12881629	NA	-0.0349
14:101531854:A:G	rs61992671	NA	0.0318
14:103246470:A:G	rs3803286	NA	0.0196
14:104083042:C:G	rs10459574	NA	-0.0212
15:36391965:C:T	rs11636611	NA	0.0247
15:51898058:T:C	rs9944241	NA	-0.017
15:57120989:G:A	rs1657930	NA	0.0053
15:67987293:T:G	rs10153031	NA	0.0285
15:74101405:A:C	rs17188111	NA	0.0165
15:80991447:T:C	rs34994596	NA	0.0186
15:92569023:G:A	rs12102086	NA	-0.0142
15:99222509:A:G	rs56803094	NA	0.0202
16:406427:G:C	rs12926311	NA	NA
16:2178425:G:C	rs116353685	NA	-0.0094
16:4015729:C:T	rs879620	NA	0.0136
16:4949608:A:C	rs7193783	NA	0.0058
16:9332571:A:G	rs11075252	NA	0.0093
16:24798079:G:A	rs12923476	NA	-0.024
16:28913787:T:C	rs7189927	NA	0.0268
16:29994922:C:T	rs3814883	NA	0.0296
16:53802494:C:T	rs11642015	NA	0.1228
16:69588572:T:C	rs1364063	NA	0.0426
16:71579660:C:G	rs310332	NA	NA
16:82872628:C:G	rs7206608	NA	-0.017
17:1835482:C:T	rs4790841	NA	-0.0157
17:3981148:G:C	rs8074454	NA	0.0523
17:7101292:C:T	rs3826408	NA	0.0124
17:34842521:A:G	rs4796224	NA	-0.0215
17:42313512:C:G	rs9916444	NA	-0.0053
17:44191483:A:G	rs11653367	NA	0.0242
17:46252346:T:C	rs208015	NA	-0.0172
17:52927255:T:C	rs62071997	NA	-0.0081
17:65854602:C:T	rs55931203	NA	0.0439
17:78757626:A:G	rs11150745	NA	0.0252
17:79050707:G:T	rs9908480	NA	0.0171
18:1839601:A:T	rs8097672	NA	-0.0364
18:21109466:G:T	rs1652376	NA	-0.0309
18:39693994:T:C	rs584919	NA	-0.0113
18:40744790:C:A	rs1834144	NA	-0.0183
18:57849023:G:A	rs12967135	NA	0.0511
18:58048295:T:C	rs57636386	NA	0.0294
18:63345799:G:A	rs1942826	NA	0.0172
19:1856554:C:G	rs11666480	NA	-0.0109
19:4058652:T:C	rs73534156	NA	-0.0061
19:18326222:T:C	rs4808762	NA	-0.0044
19:18460956:G:A	rs113230003	NA	-0.0143
19:18815611:T:C	rs11668971	NA	0.0323
19:30290357:G:C	rs111640872	NA	0.0012
19:32896716:C:G	rs10405382	NA	0.0049
19:46182304:T:A	rs10423928	NA	0.0127
19:47582356:A:G	rs62136859	NA	0.0269
20:25027526:G:A	rs6083730	NA	4e-4
20:41986507:T:C	rs6030803	NA	0.0248
20:51194941:T:C	rs35679975	NA	0.035
20:61544714:T:C	rs6010786	NA	0.0017
21:40296411:C:T	rs11701433	NA	0.0026
21:46488959:G:A	rs76040172	NA	NA
6:26186200:A:G	rs9379832	NA	0.0207
8:42552908:G:T	rs1530848	NA	0.0076
9:136473053:C:A	rs113864525	NA	-0.0081
15:78849034:T:C	rs58365910	NA	0.0075
19:41353107:T:C	rs56113850	NA	-0.0109
20:61992467:C:T	rs79739740	NA	NA
1:2996602:T:C	rs1569419	NA	0.0064
1:7794289:A:G	rs11121012	NA	0.0059
1:10271688:C:G	rs11121529	NA	-0.0098
1:11858036:A:G	rs17037388	NA	0.0195
1:17719645:A:G	rs12128561	NA	0.0081
1:25895406:C:T	rs3924236	NA	-0.0101
1:29199676:A:G	rs391360	NA	0
1:40403370:G:T	rs7529794	NA	0.001
1:40864877:T:C	rs2982505	NA	-0.0025
1:45800156:C:T	rs3219484	NA	0.0032
1:52424094:G:A	rs2809948	NA	-0.0115
1:63139730:C:T	rs1168124	NA	0.0039
1:90229395:T:A	rs496954	NA	0.0027
1:90354229:G:C	rs72716340	NA	0.0148
1:111733884:G:A	rs72691294	NA	NA
1:113197800:A:G	rs7524494	NA	-0.0053
1:114917230:A:G	rs1936933	NA	0.0021
1:118154831:T:C	rs3767809	NA	0.0213
1:156869714:G:A	rs12041331	NA	0.0143
1:156882757:C:G	rs41299597	NA	0.0107
1:159892088:G:A	rs2789422	NA	NA
1:161136343:C:G	rs72714915	NA	-0.0122
1:161225281:G:A	rs34746190	NA	0.0023
1:171851052:C:T	rs76064941	NA	NA
1:171949750:T:C	rs10914144	NA	0.0016
1:172132708:C:G	rs60183508	NA	-0.0025
1:172417092:T:A	rs111631653	NA	0.0171
1:184942671:G:A	rs234108	NA	0.0011
1:198651191:C:G	rs3767744	NA	-0.0104
1:199104713:T:G	rs322873	NA	7e-4
1:204953727:C:T	rs58066240	NA	0.0105
1:205232447:C:T	rs1151784	NA	-0.0156
1:205376450:C:T	rs6675180	NA	-0.0083
1:207275493:G:A	rs73079108	NA	0.0106
1:221001142:A:C	rs61830291	NA	-0.0055
1:224360933:T:G	rs16844819	NA	0.0015
1:226025288:G:A	rs10915885	NA	-0.0016
1:236206864:T:C	rs2385054	NA	-0.0032
1:243454680:G:A	rs11807162	NA	-0.0198
1:247712303:T:C	rs41315846	NA	0.0097
1:248025390:A:G	rs142518196	NA	-0.004
1:248038325:T:C	rs4925750	NA	0.007
1:248185951:A:G	rs12753585	NA	-0.0128
2:8707509:T:C	rs62105462	NA	2e-4
2:9485145:A:T	rs113885167	NA	0.0071
2:16620803:A:G	rs6759839	NA	0.0082
2:24035507:C:T	rs7605327	NA	-0.0058
2:27741237:T:C	rs780094	NA	-0.0575
2:31477838:G:A	rs655029	NA	-0.0055
2:37075013:T:A	rs1861435	NA	-0.0127
2:38044344:C:T	rs4670779	NA	0.0026
2:54892663:C:A	rs72806653	NA	-0.0065
2:55186928:C:T	rs11125553	NA	NA
2:66677881:G:T	rs1519103	NA	-0.0215
2:68874107:G:A	rs113919063	NA	-0.0133
2:70165966:G:A	rs7349311	NA	0.0031
2:85658993:T:C	rs56017561	NA	-0.0029
2:86145708:T:C	rs71411843	NA	0.0071
2:100452674:T:C	rs1429271	NA	0.0217
2:100759457:C:A	rs11681966	NA	-0.0099
2:106433909:C:G	rs7589790	NA	0.0092
2:109174517:T:G	rs7591764	NA	0.0036
2:121013169:G:A	rs4849845	NA	0.0058
2:143886819:G:A	rs79716587	NA	0.0038
2:160677674:C:T	rs62175230	NA	-0.0167
2:171837458:G:A	rs144333582	NA	0.0169
2:175455304:G:C	rs4972699	NA	0.0226
2:191724500:G:A	rs1860168	NA	-0.0028
2:192696255:A:G	rs7585866	NA	0.004
2:203688035:C:G	rs62194667	NA	0.0012
2:211540507:C:A	rs1047891	NA	NA
2:219093934:G:A	rs17572109	NA	NA
2:223845942:C:A	rs7584993	NA	0.0116
2:224880498:T:C	rs68066031	NA	-0.0019
2:241263446:C:T	rs184885436	NA	0.0061
2:241510903:G:A	rs78909033	NA	NA
2:242652848:C:T	rs77687125	NA	-0.0049
3:15856929:C:G	rs6805034	NA	0.0235
3:18311412:G:A	rs7641175	NA	NA
3:47046842:G:C	rs2305638	NA	0.0201
3:49813939:G:A	rs376938854	NA	0.006
3:56200887:A:G	rs965961	NA	0.0178
3:56826848:T:A	rs7624453	NA	-0.0049
3:56848706:T:C	rs76424204	NA	-0.012
3:56942070:T:G	rs2133886	NA	-0.0042
3:58296706:A:T	rs13093235	NA	0.0131
3:72392310:C:T	rs11128264	NA	0.0037
3:98677386:G:A	rs9859042	NA	-0.008
3:107179527:T:G	rs2676362	NA	-0.0034
3:113300183:A:T	rs2271494	NA	-0.0148
3:122854899:T:C	rs1530455	NA	-8e-4
3:124043749:G:A	rs17222144	NA	NA
3:124347320:C:T	rs68055131	NA	-0.0046
3:124387045:G:A	rs11714268	NA	-0.0081
3:124511176:C:A	rs12493125	NA	NA
3:136632122:C:T	rs9833022	NA	-0.0305
3:142792759:T:C	rs7649225	NA	-0.0013
3:167383177:G:C	rs9836028	NA	0.0023
3:168857253:G:A	rs16853231	NA	-0.0041
3:169159136:T:C	rs16853746	NA	-0.0187
3:178779546:C:T	rs6800015	NA	-0.0019
3:183738626:T:A	rs2313211	NA	-0.0248
3:194175382:C:T	rs11711805	NA	NA
3:196005444:G:A	rs12637288	NA	NA
4:3237644:T:C	rs362312	NA	0.0165
4:6755033:C:T	rs12650244	NA	0.001
4:6891435:G:A	rs11734099	NA	0.0044
4:6910335:C:G	rs62291089	NA	-0.0082
4:7773161:G:A	rs55698135	NA	-0.0054
4:38687928:G:A	rs28681431	NA	0.005
4:48076248:A:G	rs2279965	NA	-0.0051
4:57797414:C:T	rs3796529	NA	-0.0055
4:76287374:T:C	rs74501076	NA	0.0122
4:79565819:A:T	rs7697461	NA	0.0015
4:88029482:C:G	rs3733377	NA	5e-4
4:90036240:A:T	rs17821105	NA	-0.0055
4:95420163:G:A	rs699861	NA	1e-4
4:102819025:A:G	rs28396651	NA	0.0016
4:106019837:T:C	rs12643081	NA	-0.0016
4:123192240:A:C	rs45608936	NA	0.0161
4:123558330:C:T	rs2390352	NA	NA
4:154418561:T:C	rs3816086	NA	0.002
4:154457328:G:A	rs12645934	NA	-0.0034
4:185763310:T:C	rs34237618	NA	0.034
5:1104938:C:T	rs35188965	NA	-9e-4
5:1289880:T:C	rs62332588	NA	NA
5:43866090:G:C	rs6863586	NA	0.0031
5:52378436:C:T	rs3212621	NA	NA
5:60121097:A:G	rs6889730	NA	0.0153
5:61516534:C:G	rs13355951	NA	0.0041
5:65983506:A:G	rs6884367	NA	0.0039
5:72286980:C:G	rs76758064	NA	-0.0057
5:72433992:C:T	rs17663561	NA	0.0027
5:74809776:T:A	rs6863398	NA	-0.034
5:75906851:T:C	rs7722711	NA	-0.0123
5:75935631:A:T	rs114685606	NA	0.0124
5:76207954:G:A	rs143220282	NA	0.0037
5:88180196:T:C	rs114694170	NA	7e-4
5:88636854:G:A	rs6452819	NA	0.0265
5:111061847:T:G	rs56116444	NA	8e-4
5:122374459:C:T	rs7712401	NA	NA
5:131707429:G:A	rs2631360	NA	NA
5:133837021:A:C	rs1476096	NA	-0.0189
5:140965467:A:T	rs12717895	NA	-9e-4
5:158227691:G:C	rs7726369	NA	-0.0196
5:158635102:T:C	rs6556405	NA	0.009
5:159436823:A:C	rs6866671	NA	0.0066
5:159595894:G:C	rs4538653	NA	-0.0032
5:173287763:G:A	rs875742	NA	-0.0106
5:177608542:C:T	rs72648830	NA	-0.0061
6:3439697:T:G	rs17136561	NA	-0.0077
6:11477585:T:C	rs9357150	NA	0
6:22491695:G:A	rs2504818	NA	-6e-4
6:25531133:T:C	rs214057	NA	-0.0047
6:30105154:A:G	rs28780086	NA	-0.0543
6:31242329:A:G	rs114164395	NA	-0.0087
6:31400292:G:A	rs2516471	NA	0.0265
6:31732155:G:A	rs28399993	NA	-0.001
6:31881223:G:C	rs62395851	NA	-0.0023
6:36500799:C:T	rs113412960	NA	NA
6:42861746:A:T	rs4714633	NA	-0.0077
6:46882904:A:G	rs9472903	NA	-0.0157
6:47362492:T:A	rs9473088	NA	NA
6:47609592:A:G	rs9473147	NA	0.0078
6:52169692:G:C	rs76080057	NA	-7e-4
6:71326034:G:A	rs2691475	NA	NA
6:109610002:C:A	rs9386793	NA	-0.004
6:110717493:C:T	rs2057149	NA	0.0049
6:119256332:A:C	rs114000233	NA	-0.021
6:130014988:A:C	rs17057622	NA	-0.0163
6:139859028:A:G	rs34379299	NA	-0.006
6:143267520:G:C	rs79874964	NA	-0.007
6:147510466:A:C	rs1630961	NA	-0.0088
6:157801040:T:A	rs2800446	NA	0.0075
6:158092638:T:C	rs688181	NA	0.0016
7:5552436:G:A	rs2966431	NA	0.0166
7:6502367:T:C	rs6796	NA	0.0029
7:16693122:G:C	rs818586	NA	-0.0056
7:17978828:T:C	rs56287412	NA	0.0029
7:37457359:C:T	rs7808005	NA	NA
7:44932538:C:A	rs757694	NA	-0.0077
7:50430871:G:A	rs7385935	NA	-0.0053
7:73040814:T:G	rs34121855	NA	0.007
7:73149302:G:A	rs13233747	NA	NA
7:75638421:G:A	rs59882870	NA	-0.0096
7:80213511:T:C	rs1524598	NA	-0.0055
7:100198878:C:A	rs62482223	NA	0.0037
7:106205153:A:C	rs146235428	NA	-0.0111
7:106306793:C:T	rs2079356	NA	NA
7:106312107:T:G	rs73184272	NA	0.0155
7:106399401:A:G	rs73723358	NA	-4e-4
7:106491633:G:A	rs193740	NA	0.0041
7:116567732:G:A	rs12706122	NA	-0.0028
7:123411223:A:C	rs4731120	NA	-0.0055
7:129214418:T:C	rs896156	NA	-0.0012
7:133995832:A:G	rs2544224	NA	-0.005
7:135289854:G:A	rs6959832	NA	0.0046
7:152379332:A:C	rs12532817	NA	0.0051
7:158590269:A:G	rs2788503	NA	0.0048
7:158743078:A:G	rs2527207	NA	0.0022
8:9031995:C:G	rs13257521	NA	-0.0149
8:19013570:A:T	rs4921998	NA	0.0119
8:21769432:A:G	rs56094005	NA	0.003
8:23372914:G:C	rs7814758	NA	NA
8:25225804:C:T	rs2257081	NA	5e-4
8:38714130:C:A	rs62506682	NA	NA
8:56749584:G:A	rs13259933	NA	0.0028
8:61660163:A:G	rs11775560	NA	-0.0091
8:81392215:A:C	rs7818943	NA	0.0189
8:82706128:A:G	rs9693128	NA	0.0027
8:101478881:T:C	rs2721972	NA	0.0092
8:106581528:A:T	rs6993770	NA	0.002
8:131344745:T:A	rs7008182	NA	-0.0013
8:142238339:C:A	rs34650936	NA	0.0216
8:145004944:T:C	rs10107388	NA	0.0089
9:331490:T:G	rs10813766	NA	-0.0027
9:334337:A:G	rs10970979	NA	0.0015
9:4661019:A:G	rs9776157	NA	-0.0011
9:19053114:G:T	rs7045844	NA	0.0286
9:32433961:C:T	rs10970977	NA	0.0061
9:35072001:G:C	rs739844	NA	8e-4
9:73057292:A:T	rs116085010	NA	-0.0037
9:95749736:G:A	rs117909984	NA	NA
9:99192919:A:C	rs10820606	NA	0.0071
9:113312231:G:C	rs61751937	NA	NA
9:123507855:T:C	rs4837794	NA	-0.0158
9:135864436:C:G	rs60757417	NA	-0.0049
9:136022954:G:A	rs114968084	NA	NA
9:136921464:A:G	rs2157770	NA	-0.0307
9:137113061:T:G	rs12684581	NA	0.0026
10:3135699:C:T	rs872398	NA	0.0018
10:11210860:C:G	rs993284	NA	-2e-4
10:11836092:G:A	rs118033845	NA	0.0071
10:11895507:A:T	rs11257361	NA	-0.0064
10:64418739:T:C	rs6479830	NA	-0.0086
10:64792175:G:A	rs7902300	NA	-0.0127
10:65016721:G:A	rs7896910	NA	-0.0132
10:81010850:T:G	rs1250600	NA	-0.0371
10:81131595:A:G	rs4979861	NA	0.0132
10:89854115:C:T	rs1981150	NA	7e-4
10:93888810:C:T	rs61875203	NA	0.0215
10:97053775:G:T	rs1328599	NA	-0.0132
10:102075479:G:A	rs603424	NA	NA
10:102252015:C:G	rs11190583	NA	0.016
10:102764607:T:A	rs807027	NA	0.0074
10:114154815:C:T	rs11195943	NA	0.0108
10:121037154:C:T	rs10886437	NA	NA
11:249408:G:A	rs17655188	NA	-4e-4
11:275752:G:C	rs12419714	NA	0.0146
11:828784:A:G	rs28507876	NA	-0.0034
11:5701409:G:C	rs3824949	NA	NA
11:10674044:C:G	rs4910165	NA	-0.0157
11:17056587:T:A	rs11603461	NA	0.0207
11:47372377:G:C	rs2071304	NA	0.0209
11:48116535:G:A	rs55709369	NA	-0.0133
11:57404779:A:G	rs10750866	NA	-9e-4
11:57842836:G:C	rs75412970	NA	0.0155
11:61581656:G:A	rs174559	NA	-0.024
11:65387378:T:A	rs61744384	NA	-0.0066
11:72405450:C:T	rs10898864	NA	-0.0462
11:77383424:G:C	rs72947606	NA	0.0154
11:94832645:A:G	rs640221	NA	0.0021
11:94865454:T:G	rs7729	NA	0.0046
11:95884017:G:A	rs511141	NA	-0.0068
11:111918178:A:G	rs61564685	NA	0.0087
11:113953622:G:A	rs73000929	NA	NA
11:116624601:C:A	rs61905108	NA	NA
11:117172820:T:C	rs680210	NA	-0.0025
11:125587541:C:T	rs112744251	NA	0.008
11:126285301:G:A	rs7949566	NA	-3e-4
11:129145619:C:T	rs73584250	NA	-0.0047
12:719335:C:T	rs11063857	NA	NA
12:6148475:C:T	rs117425356	NA	0.0114
12:6289762:T:C	rs797767	NA	-0.01
12:6322817:T:C	rs2268015	NA	0.0021
12:27158488:C:T	rs12815671	NA	0.0056
12:29435480:G:A	rs2015599	NA	NA
12:32829754:A:T	rs9971708	NA	-0.0097
12:40601808:C:T	rs2723261	NA	0.0067
12:48208368:T:C	rs11168249	NA	0.0021
12:49671659:A:C	rs80012730	NA	-0.0057
12:51688374:C:A	rs113580494	NA	-0.0095
12:54692061:A:G	rs6580980	NA	0.0076
12:57033680:T:A	rs12229457	NA	-0.0086
12:64436225:G:A	rs1344400	NA	0.0063
12:64704389:C:A	rs76913202	NA	NA
12:65038015:G:C	rs7296498	NA	-0.0054
12:76963662:C:T	rs17199131	NA	-0.0095
12:96278146:A:G	rs4762250	NA	-0.0046
12:106703716:G:C	rs10778463	NA	0.0053
12:109203811:G:A	rs4964759	NA	0.0048
12:109977464:T:G	rs10466917	NA	-0.0043
12:117491824:A:G	rs7972416	NA	-0.0034
12:121504957:G:A	rs1794890	NA	-5e-4
12:122203680:C:T	rs10840615	NA	-0.0034
12:122373729:C:T	rs10840631	NA	0.0089
12:122670253:A:G	rs7302430	NA	0.0082
12:123239978:T:G	rs148874285	NA	0.0219
12:124031731:G:A	rs148169411	NA	NA
13:28158035:G:C	rs76900683	NA	NA
13:33135424:C:T	rs7335710	NA	-0.0129
13:47242912:T:G	rs4941565	NA	-0.0012
13:74708696:C:T	rs9543534	NA	0.0015
13:76056606:G:T	rs66813596	NA	-0.0114
13:113860900:G:A	rs9577481	NA	NA
13:114018038:C:A	rs9549753	NA	7e-4
14:23757540:T:C	rs12885436	NA	-0.0042
14:31368063:G:A	rs10047928	NA	0.0065
14:51153621:C:G	rs57256419	NA	-0.0162
14:53672254:G:A	rs2552385	NA	0.009
14:55848253:T:G	rs74324636	NA	-0.0018
14:65538104:C:T	rs11626720	NA	-0.002
14:68413076:G:T	rs7150606	NA	NA
14:69203017:C:G	rs28485304	NA	NA
14:69504114:T:C	rs76559814	NA	-0.0013
14:92243978:T:A	rs74403919	NA	-0.0048
14:93083572:G:A	rs10146346	NA	-0.0027
14:103058769:G:A	rs35258120	NA	-0.0077
14:103113414:G:C	rs1190333	NA	NA
14:103566835:C:G	rs2297066	NA	-0.013
14:105694870:G:A	rs4983594	NA	NA
15:34503867:G:A	rs3829483	NA	0.0069
15:42265236:G:A	rs2412653	NA	-0.0023
15:49293194:C:A	rs11854184	NA	NA
15:57138501:G:A	rs1647385	NA	0.0047
15:63341996:T:C	rs11071720	NA	0.0071
15:65181280:C:A	rs61009920	NA	0.008
15:66750070:C:T	rs112064988	NA	0.0077
15:74888495:A:C	rs61192812	NA	-0.0146
15:75845097:T:C	rs7163907	NA	0.0355
15:89613227:T:G	rs12438271	NA	7e-4
15:90520917:G:A	rs140118737	NA	0.0095
15:91520287:G:A	rs12594925	NA	0.0563
16:4936280:C:G	rs2015319	NA	0.001
16:5024041:G:A	rs11646743	NA	-0.0032
16:9037835:A:T	rs8053087	NA	-0.0074
16:24667099:A:C	rs8058098	NA	-0.0139
16:28505660:G:C	rs151234	NA	-0.0094
16:30758743:C:A	rs72793380	NA	5e-4
16:53106223:G:C	rs9652625	NA	NA
16:53161774:T:G	rs59924446	NA	0.0126
16:67473389:G:A	rs55877766	NA	-0.004
16:69789196:C:T	rs56259873	NA	0.0492
16:81870969:C:T	rs12445050	NA	0.0115
16:84587960:G:T	rs2013847	NA	NA
16:85444655:A:C	rs55659628	NA	5e-4
16:85740078:C:T	rs72803037	NA	0.0195
16:89014871:G:A	rs12935775	NA	0.0173
17:1415910:T:A	rs939563	NA	-0.0063
17:1554636:C:T	rs73289314	NA	0.013
17:4837195:C:A	rs553749201	NA	NA
17:4840868:G:A	rs1060431	NA	0.0187
17:16908991:G:A	rs6502552	NA	NA
17:19905605:A:G	rs7215514	NA	0.0072
17:27710248:C:T	rs146268882	NA	-0.0151
17:27917771:A:G	rs3110496	NA	0.0082
17:29154673:A:G	rs148874888	NA	-0.0043
17:33867065:C:A	rs28547579	NA	0.0028
17:42446420:G:C	rs850736	NA	-0.0123
17:44185431:T:C	rs62061820	NA	0.0218
17:45419139:A:G	rs11652957	NA	0.0026
17:55466426:G:A	rs150497606	NA	-0.0243
17:62371243:A:G	rs59719244	NA	-0.0024
17:65713369:C:T	rs3760221	NA	0.0055
17:73851113:C:A	rs55868394	NA	9e-4
17:80538796:C:T	rs149370750	NA	0.0041
18:9564730:G:T	rs59809822	NA	NA
18:9618005:A:G	rs671339	NA	-0.0062
18:20720973:G:T	rs11082304	NA	NA
18:41997547:G:T	rs28782011	NA	-0.0176
18:43837255:C:A	rs11664743	NA	0.0017
18:57309952:C:T	rs2043040	NA	0.0041
18:60920854:C:T	rs17758695	NA	NA
18:67536617:T:C	rs8099412	NA	-0.0091
18:67599516:T:C	rs3937015	NA	0.0158
18:77154009:G:A	rs145875564	NA	NA
18:77276417:G:A	rs11662485	NA	0.0182
18:77287776:A:G	rs1052025	NA	0.0024
19:1082266:G:C	rs11878920	NA	-0.0032
19:6060731:T:C	rs1110621	NA	0.0052
19:6802571:C:T	rs8106212	NA	-0.0048
19:16189882:G:A	rs77808283	NA	NA
19:16206012:C:T	rs57843631	NA	-0.0027
19:16210265:G:A	rs62116856	NA	NA
19:17202746:A:T	rs7254827	NA	0.0044
19:33099414:A:T	rs7258141	NA	NA
19:35665648:C:A	rs7248710	NA	NA
19:38731662:G:A	rs7246060	NA	NA
19:39250832:A:T	rs8182597	NA	-0.0014
19:45126457:C:T	rs74390626	NA	NA
19:45371188:C:T	rs41290102	NA	NA
19:45716192:G:C	rs11667509	NA	0.0201
19:46206425:T:C	rs11672416	NA	-0.0422
19:49237552:A:C	rs12978499	NA	-0.0023
19:55539072:T:G	rs892090	NA	-0.014
19:58934918:C:G	rs11673069	NA	0.012
20:1477457:A:C	rs67784641	NA	0.0085
20:1590770:A:G	rs118062269	NA	-0.002
20:1819280:T:C	rs156356	NA	-0.0041
20:1923271:C:A	rs4814779	NA	0.0022
20:16535556:T:C	rs4814508	NA	-0.0111
20:19303786:G:C	rs6081569	NA	-3e-4
20:31108108:A:C	rs159058	NA	-0.0119
20:34227500:C:T	rs6060529	NA	0.0249
20:43515270:C:T	rs7265519	NA	-0.0041
20:43688417:A:T	rs2299979	NA	-0.0098
20:44388291:C:T	rs12625404	NA	-0.0062
20:45944659:G:C	rs17726337	NA	NA
20:57538175:A:G	rs16982339	NA	0.0045
20:57583536:G:C	rs236691	NA	-0.017
20:57777894:C:T	rs12624940	NA	-0.0018
20:61577629:C:T	rs3746756	NA	0.013
21:16804330:G:C	rs1736013	NA	-0.0067
21:36386766:C:T	rs2242885	NA	NA
21:46908355:T:C	rs11702425	NA	0.0028
22:19582021:G:T	rs5993717	NA	0.0026
22:19689697:C:G	rs2097598	NA	-0.0017
22:23527908:G:T	rs73152621	NA	-0.0039
22:29689837:A:G	rs140064	NA	-0.0085
22:38452254:C:G	rs742396	NA	-0.0065
22:40832375:A:G	rs9306345	NA	-0.0047
22:43145853:G:C	rs5758910	NA	-0.0076
22:43387645:C:T	rs972577	NA	0.0144
22:50284345:A:G	rs4824112	NA	0.0133
22:51104680:G:A	rs9616906	NA	-0.0039
1:1840677:G:A	rs4298676	NA	-0.0112
1:3325144:G:A	rs12097446	NA	-0.009
1:3691528:A:G	rs1175550	NA	0.0034
1:12661421:G:C	rs12136952	NA	NA
1:16370215:A:G	rs868950	NA	-0.0093
1:22698447:A:G	rs7524102	NA	-0.0121
1:31572571:T:C	rs6687993	NA	-0.0128
1:43761651:C:T	rs4660253	NA	0.0083
1:46497500:T:A	rs9429088	NA	0.0224
1:48022107:C:T	rs56011044	NA	0.0079
1:53291550:A:G	rs1672917	NA	-0.0091
1:66159001:A:G	rs11208719	NA	-0.001
1:88641063:A:G	rs6428637	NA	0.0078
1:120269991:C:G	rs616111	NA	-0.0019
1:147236656:A:G	rs791270	NA	-7e-4
1:154968260:C:T	rs7525164	NA	-0.0188
1:155178782:A:T	rs760077	NA	-0.0168
1:161520931:C:T	rs56199187	NA	0.0131
1:172140548:C:T	rs554019	NA	-0.0021
1:173825692:T:G	rs2295366	NA	-0.0048
1:198867678:G:T	rs60639710	NA	-0.0034
1:203667409:T:C	rs2228445	NA	-0.0031
1:213079400:G:A	rs10864030	NA	0.0041
1:214176380:T:C	rs3754140	NA	0.0469
1:217472265:G:A	rs17654742	NA	-0.0024
1:231114595:C:T	rs11122174	NA	0.0022
1:231541917:A:C	rs2355867	NA	-0.0105
1:248039451:C:T	rs3811444	NA	NA
2:12953264:G:A	rs11685678	NA	0.0045
2:23897725:G:A	rs56262900	NA	NA
2:25942250:T:A	rs13409567	NA	0.0218
2:27989909:C:T	rs4665390	NA	0.0176
2:43432962:C:T	rs11124926	NA	0.0264
2:46282959:G:A	rs56945899	NA	-0.0222
2:46313134:G:A	rs61758304	NA	NA
2:46360907:G:C	rs10168349	NA	NA
2:47030363:A:G	rs17773190	NA	0.0064
2:66750017:T:G	rs4544423	NA	-0.0011
2:73783910:G:A	rs11686019	NA	0.0064
2:112580971:T:C	rs66739581	NA	0.0095
2:113972945:A:G	rs752590	NA	-0.0104
2:121985759:C:T	rs34773350	NA	-0.0124
2:145227050:C:T	rs9287360	NA	-0.0188
2:145714354:A:C	rs1438898	NA	-0.0222
2:160914549:T:C	rs11901391	NA	0.0335
2:165528876:C:T	rs13389219	NA	-0.0639
2:176974104:G:T	rs863678	NA	NA
2:208010353:C:G	rs3791995	NA	0.0034
2:219590419:T:C	rs4674326	NA	-6e-4
2:227088577:A:C	rs2943637	NA	-0.057
2:242644728:C:T	rs35736498	NA	0.0016
3:4753298:G:A	rs9813210	NA	-0.008
3:12379351:A:G	rs35240997	NA	0.0582
3:12614107:T:C	rs2648308	NA	0.0072
3:14929692:A:C	rs903065	NA	-0.0182
3:23359044:C:G	rs57575542	NA	0.0189
3:30199216:G:A	rs12635066	NA	-0.0116
3:37987856:C:A	rs9816588	NA	0.0045
3:41867600:T:C	rs201704865	NA	0.0051
3:52567617:A:G	rs66782572	NA	-0.0026
3:56780003:C:T	rs2029466	NA	0.002
3:58321707:C:T	rs6445972	NA	0.0189
3:69841906:T:A	rs59913237	NA	0.0206
3:72417857:A:T	rs4677156	NA	-0.0022
3:121725703:A:G	rs11924058	NA	0.0049
3:141091595:T:A	rs13098180	NA	-0.0198
3:151979989:T:G	rs842050	NA	0.0041
3:169091569:A:T	rs1290790	NA	-0.0089
3:187632238:G:C	rs9810106	NA	-0.0066
3:194681297:G:A	rs1075871	NA	-0.0057
3:195751397:T:A	rs4927705	NA	NA
4:23747377:A:G	rs55944055	NA	-0.0114
4:23878741:T:C	rs55913146	NA	-0.0061
4:55377360:A:G	rs12505616	NA	-0.0148
4:55408875:A:T	rs218264	NA	0.0078
4:77373079:C:T	rs2870238	NA	-0.0032
4:87984331:A:G	rs28432336	NA	-0.0106
4:103188709:C:T	rs13107325	NA	NA
4:115343243:C:T	rs4833453	NA	NA
4:148975635:G:A	rs6827412	NA	-0.0063
4:187762236:G:A	rs62344826	NA	6e-4
5:460002:A:G	rs72698506	NA	-0.0055
5:1114944:G:A	rs7702189	NA	-0.0023
5:34492562:G:A	rs11949100	NA	-0.0093
5:38875436:A:G	rs357273	NA	0.0094
5:40623128:C:T	rs1354674	NA	-0.0024
5:55803533:G:A	rs30000	NA	0.0598
5:76478418:C:T	rs1479559	NA	-0.0038
5:88110363:C:T	rs165944	NA	NA
5:111304403:C:A	rs77486408	NA	-0.0179
5:121811860:T:G	rs304368	NA	NA
5:127249136:A:G	rs9327454	NA	-0.0036
5:147886776:C:T	rs9686785	NA	-0.0086
5:154027216:A:G	rs74417235	NA	0.0129
5:176788622:A:C	rs4976647	NA	-0.011
6:2050791:A:G	rs115986297	NA	-0.0022
6:7229619:G:A	rs12192672	NA	-0.0181
6:12288422:A:G	rs2859337	NA	0.003
6:22131929:C:A	rs9295536	NA	0.0027
6:26012263:C:G	rs141597251	NA	-0.0143
6:26082717:A:G	rs11758205	NA	-0.0019
6:26093141:G:A	rs1800562	NA	0.0231
6:26104664:C:G	rs116169498	NA	-0.0312
6:31303922:T:C	rs28752924	NA	-0.0244
6:32636610:C:A	rs9274674	NA	NA
6:39151425:G:T	rs10456468	NA	0.0069
6:43736389:A:C	rs699947	NA	-0.0185
6:43805362:T:A	rs744103	NA	-0.0333
6:44030011:A:G	rs833805	NA	0.0076
6:52708797:G:A	rs4715354	NA	0.0175
6:74228062:A:C	rs41265521	NA	0.0048
6:100890991:A:G	rs241812	NA	0.0111
6:127452935:C:T	rs2745353	NA	-0.0123
6:135419018:T:C	rs9399137	NA	0.01
6:139843583:T:C	rs636202	NA	0.0226
6:157293632:G:A	rs17087971	NA	NA
6:166162335:T:C	rs2934849	NA	0.0184
6:170585917:C:T	rs9366197	NA	NA
7:672509:G:A	rs9771385	NA	0.0057
7:1286567:G:T	rs62435145	NA	-0.007
7:15059272:A:C	rs11514706	NA	-0.0576
7:44808223:G:A	rs1050338	NA	-0.0086
7:80322255:C:G	rs148083940	NA	NA
7:82072276:G:A	rs2214833	NA	-0.0058
7:92038633:G:C	rs38796	NA	7e-4
7:99829827:A:G	rs184318317	NA	-0.016
7:99982247:A:T	rs182858271	NA	0.0129
7:100205706:G:C	rs61739556	NA	NA
7:100265347:C:G	rs78054447	NA	-0.0074
7:100325628:A:G	rs79641961	NA	-0.0467
7:116186241:A:G	rs3807989	NA	7e-4
7:129663496:C:T	rs11556924	NA	-0.0115
7:150947689:C:A	rs73169671	NA	0.0012
7:151414329:T:C	rs10265221	NA	0.0169
8:9184231:G:A	rs4240624	NA	-0.0615
8:23377161:C:T	rs11784090	NA	-0.0048
8:41540828:T:C	rs72638978	NA	-0.0061
8:42367068:T:C	rs6474401	NA	-0.0044
8:48741570:C:T	rs4521758	NA	NA
8:61173971:T:C	rs7840279	NA	0.001
8:76517182:G:A	rs1375647	NA	-0.0018
8:81441012:A:G	rs61557287	NA	0.0095
8:95992473:C:A	rs10956934	NA	-0.0326
8:116557955:C:G	rs12056626	NA	0.0347
8:128972721:A:G	rs9649959	NA	-0.0049
8:129072966:A:G	rs2648876	NA	0.0018
9:2623615:G:A	rs7032549	NA	NA
9:4118111:G:T	rs6415788	NA	NA
9:13976285:G:A	rs17278406	NA	NA
9:32450187:T:C	rs12985	NA	0.0159
9:114824708:T:C	rs4979080	NA	0.0045
9:114900500:T:G	rs112182189	NA	-0.0015
9:116246654:T:C	rs72761903	NA	0.0018
9:130628500:C:T	rs72752884	NA	0.0249
9:136141870:C:T	rs2519093	NA	0.0505
9:136336804:C:T	rs41307428	NA	0.0273
10:5235762:T:A	rs61854735	NA	-0.0011
10:13558641:G:A	rs10752308	NA	0.0231
10:13737768:C:T	rs11258533	NA	0.0106
10:44858681:C:A	rs10900027	NA	NA
10:48411796:G:T	rs34130368	NA	NA
10:60302716:T:C	rs1658457	NA	0.0052
10:71081399:C:T	rs2015803	NA	0.0106
10:71094504:T:C	rs17476364	NA	0.0409
10:71143488:C:A	rs4745984	NA	NA
10:81697868:A:T	rs3088308	NA	0.0055
10:90296467:A:T	rs2576159	NA	-0.0116
10:96999873:G:A	rs7910217	NA	NA
10:126610909:T:A	rs116924819	NA	NA
11:4003528:G:C	rs2923956	NA	0.0016
11:8875509:C:T	rs113717499	NA	-0.002
11:10195282:G:T	rs368417629	NA	0.0054
11:30749090:T:C	rs963837	NA	-0.0048
11:31464938:G:A	rs1223121	NA	0.0086
11:47888036:A:C	rs11039436	NA	NA
11:61610750:G:A	rs174584	NA	-0.0247
11:74039147:C:T	rs10898979	NA	0.0029
11:75445180:G:C	rs72995678	NA	0.0149
11:111196937:C:T	rs10891256	NA	-0.0037
11:118281418:A:C	rs60545357	NA	0.016
12:2522077:C:T	rs35124400	NA	0.0129
12:4331204:C:A	rs11615482	NA	-0.032
12:13046211:C:T	rs12811512	NA	-0.007
12:24152726:A:T	rs10842255	NA	-6e-4
12:25184644:G:T	rs699048	NA	9e-4
12:46384024:C:T	rs10785593	NA	0.0202
12:48512285:C:A	rs4760682	NA	NA
12:48709223:A:G	rs10875796	NA	-0.0109
12:52271174:G:T	rs74626145	NA	0.012
12:57844049:C:T	rs3741414	NA	-0.0067
12:64898557:A:T	rs11175421	NA	-0.0048
12:91140111:T:C	rs2014116	NA	-7e-4
12:110552773:G:A	rs1426374	NA	NA
12:111884608:T:C	rs3184504	NA	0.0046
12:115387303:A:G	rs9645770	NA	0.0029
12:121431225:G:A	rs1169300	NA	0.0341
12:133104735:T:C	rs4883565	NA	0.0152
13:29230581:A:G	rs1340817	NA	0.0075
13:33750984:G:A	rs797219	NA	NA
13:51399758:T:G	rs1841676	NA	-0.0056
13:114541617:C:G	rs12868938	NA	0.0019
14:21542766:A:G	rs12889267	NA	-0.0183
14:34654540:C:G	rs12437397	NA	0.0103
14:36099366:C:T	rs113670117	NA	NA
14:50960918:G:A	rs71420186	NA	-0.0091
14:64720264:T:C	rs4365213	NA	0.0047
14:65505645:T:C	rs55918235	NA	-0.0028
14:74223967:C:A	rs114609788	NA	0.0022
14:76624547:T:G	rs8020977	NA	0.0015
14:99687211:A:G	rs1257444	NA	0.0162
14:102974999:T:C	rs2273905	NA	-0.0136
15:33324519:T:C	rs17816699	NA	-6e-4
15:43007646:A:G	rs72711791	NA	-0.0092
15:43726625:A:C	rs150844304	NA	0.0215
15:51126058:A:G	rs71471520	NA	-0.0014
15:58674308:G:A	rs2043082	NA	-0.0176
15:58723426:A:G	rs1077835	NA	0.0053
15:66084255:A:G	rs1369313	NA	0.0063
15:66992821:G:A	rs8042545	NA	-0.0156
15:75052994:A:G	rs11072506	NA	0.0015
15:76298132:A:G	rs4886755	NA	0.019
15:78565820:C:T	rs11853189	NA	-0.0116
15:86160268:A:G	rs55639123	NA	0.0057
15:100001716:A:G	rs28678867	NA	0.012
16:158324:A:T	rs8055187	NA	-0.0066
16:230578:A:G	rs11863726	NA	0.0502
16:16259596:G:A	rs41278174	NA	-0.0309
16:30103160:C:A	rs3809627	NA	NA
16:51188432:G:A	rs2052285	NA	-0.0015
16:67812039:G:C	rs112894876	NA	-0.0075
16:69896754:G:A	rs3790082	NA	0.0333
16:72144174:T:C	rs9302635	NA	-0.0086
16:79200478:A:G	rs11150141	NA	3e-4
16:86323025:T:A	rs62051120	NA	0.0044
16:88567333:C:T	rs74035509	NA	NA
16:88856084:C:G	rs551118	NA	-0.0134
16:89729025:A:G	rs2010623	NA	0.0048
17:7732351:T:A	rs57828851	NA	NA
17:8260870:T:A	rs1642882	NA	0.0021
17:17044781:A:G	rs8072184	NA	-0.0025
17:27164458:A:T	rs12450826	NA	NA
17:37775274:A:G	rs1874228	NA	0.0207
17:42329004:A:C	rs13306780	NA	0.0036
17:43669491:A:G	rs112327620	NA	0.0223
17:46683800:C:T	rs12952262	NA	0.0093
17:57938041:A:G	rs1292041	NA	0.0059
17:59450441:T:C	rs9905274	NA	0.0081
17:61952110:T:G	rs2854194	NA	-0.0085
17:67081278:A:G	rs77542162	NA	0.0245
17:76124865:C:G	rs2748424	NA	0.0196
17:81057834:A:G	rs35763419	NA	0.0048
18:12857002:G:T	rs559406	NA	NA
18:43089644:G:A	rs35277578	NA	-0.0025
18:43747153:C:T	rs11082513	NA	0.0051
18:46463756:T:C	rs6507878	NA	-0.0084
19:806256:A:G	rs351978	NA	-0.0233
19:2159571:T:C	rs12985258	NA	0.0038
19:4502201:T:C	rs8887	NA	0.0075
19:19379549:C:T	rs58542926	NA	0.0796
19:33346430:C:T	rs111590167	NA	NA
19:41147697:T:C	rs2561566	NA	0.0126
19:41305138:G:T	rs184088518	NA	NA
19:41306650:C:T	rs61750953	NA	NA
19:44270925:G:A	rs7181	NA	9e-4
19:47616377:G:T	rs55731973	NA	0.0265
19:50155353:C:T	rs3745471	NA	0.0059
20:4142839:G:A	rs78839561	NA	0.0108
20:10552183:T:G	rs646407	NA	-0.0121
20:25369417:T:C	rs67676850	NA	0.0063
20:43042364:C:T	rs1800961	NA	NA
20:49087012:G:A	rs6512645	NA	NA
20:56115680:C:G	rs55852563	NA	-0.0027
20:61030580:A:T	rs2379120	NA	-0.013
21:16576783:G:A	rs2823139	NA	0.0036
21:16794755:A:G	rs2823270	NA	0.0075
21:35260961:A:G	rs2834287	NA	0.0036
21:37834258:T:C	rs128494	NA	-0.0068
21:38055216:C:T	rs2835435	NA	NA
22:18212923:A:G	rs395379	NA	-0.0113
22:29173121:T:G	rs7285695	NA	-0.0133
22:30326102:A:G	rs7291756	NA	-0.0197
22:37343000:C:A	rs2093380	NA	NA
22:37462936:A:G	rs855791	NA	0.0021
22:37532172:A:G	rs2281089	NA	-0.0022
22:43114551:G:A	rs8138197	NA	0.0012
22:44340904:C:T	rs2294915	NA	0.0394
22:46372968:C:T	rs75792643	NA	7e-4
1:8482078:C:T	rs301806	NA	0.0061
1:23311816:C:T	rs4655140	NA	-0.0077
1:32197257:G:A	rs3766823	NA	0.011
1:34584393:G:A	rs12031634	NA	-0.0105
1:42635240:C:G	rs7535335	NA	0.0058
1:47670525:T:C	rs12144626	NA	0.0233
1:49879122:A:G	rs6693294	NA	0.0018
1:77947009:C:T	rs12039708	NA	0.0097
1:84353839:T:C	rs28726372	NA	-0.0116
1:96940119:A:G	rs2181375	NA	-0.0184
1:110154688:T:C	rs17024393	NA	-0.055
1:113128931:T:C	rs12724928	NA	0.0129
1:149995265:G:A	rs67807996	NA	NA
1:156223056:G:A	rs75854315	NA	0.016
1:184732269:G:T	rs861581	NA	0.0092
1:194956810:C:T	rs10801366	NA	-0.0136
1:203527812:C:A	rs2802774	NA	-0.0187
1:215246432:A:T	rs1377184	NA	-0.0109
1:219762581:C:A	rs2494196	NA	-0.0431
2:417167:T:C	rs62106258	NA	0.0786
2:632591:T:C	rs13028310	NA	0.0457
2:24562699:T:C	rs2702123	NA	0.0171
2:25150116:C:A	rs6752378	NA	0.0043
2:36780549:G:A	rs10172196	NA	0.0058
2:44719893:C:T	rs786420	NA	0.0176
2:46884824:G:A	rs113019802	NA	-0.0233
2:48541003:A:T	rs4547574	NA	0.0149
2:59307725:G:A	rs6545714	NA	-0.0383
2:69646357:G:A	rs58300328	NA	-0.006
2:104412924:G:A	rs72820274	NA	0.0124
2:113101920:T:C	rs58360798	NA	-0.012
2:136407479:A:G	rs1446585	NA	0.0033
2:147903802:G:A	rs778094	NA	-0.0185
2:159487590:T:C	rs112920878	NA	-0.0185
2:165377103:T:C	rs10210468	NA	-0.004
2:166185707:A:T	rs3754963	NA	0.0184
2:175238924:T:C	rs72917533	NA	0.0314
2:181574287:T:C	rs62178054	NA	0.0278
2:193791720:T:C	rs7570258	NA	-0.0092
2:198146381:C:T	rs2043016	NA	0.0031
2:202970250:C:T	rs12997625	NA	0.0184
2:212278940:G:A	rs7591494	NA	0.0165
2:227117778:C:G	rs2972156	NA	0.0853
2:228980358:C:T	rs10209821	NA	0.0239
2:230619994:G:A	rs7580600	NA	0.0189
3:12389313:A:G	rs17036326	NA	0.0898
3:35667057:T:G	rs13062093	NA	-0.0255
3:42448296:T:C	rs33518	NA	0.0126
3:62459819:A:C	rs76824303	NA	0.0259
3:70654244:C:T	rs1491592	NA	0.0109
3:71681487:T:C	rs7630228	NA	0.0185
3:81845932:T:C	rs36174203	NA	0.0114
3:85906928:T:C	rs3911063	NA	0.0181
3:101146972:A:G	rs4524254	NA	0.004
3:123089834:C:T	rs12330631	NA	0.0224
3:131717795:A:T	rs7613261	NA	-0.0244
3:138122477:C:T	rs2291127	NA	0.0357
3:141178979:T:C	rs2042864	NA	-0.0035
3:153733450:T:A	rs4407374	NA	NA
3:156317379:A:G	rs9861440	NA	0.0062
3:171833266:G:C	rs4894808	NA	0.023
3:173114305:A:G	rs529200	NA	-0.0229
3:183537759:A:C	rs2606228	NA	0.0216
3:195030200:G:A	rs2410804	NA	-0.0153
4:960081:G:A	rs4690324	NA	NA
4:2962421:C:T	rs9686032	NA	-0.0114
4:4990298:A:G	rs4450871	NA	0.0251
4:26312506:T:G	rs6856886	NA	0.0227
4:28514830:A:C	rs73213501	NA	0.0109
4:35038317:G:A	rs73236524	NA	0.0133
4:45182527:A:G	rs10938397	NA	-0.0433
4:56276334:T:C	rs11943456	NA	3e-4
4:73549559:C:T	rs58083390	NA	0.0069
4:80811207:T:A	rs60661769	NA	0.0072
4:83208957:A:G	rs13109830	NA	1e-4
4:89706643:C:G	rs987469	NA	-0.0296
4:130731284:T:C	rs4864201	NA	0.0168
4:137098470:T:C	rs1283032	NA	-0.0204
4:140863365:A:C	rs57800857	NA	0.0262
5:50864788:T:C	rs6861649	NA	0.0023
5:53292381:G:A	rs7736449	NA	NA
5:63020706:T:C	rs1503526	NA	-0.0156
5:75015242:T:G	rs2112347	NA	0.0377
5:77389973:G:A	rs252749	NA	-0.0177
5:95593462:A:C	rs6875585	NA	0.0048
5:107439012:G:A	rs40067	NA	-0.025
5:127367998:G:C	rs6860245	NA	-0.0249
5:139080745:A:G	rs13174863	NA	-0.0011
5:153538241:A:G	rs7719067	NA	0.0217
5:158011435:G:C	rs2914231	NA	0.0434
6:20492995:T:C	rs1042317	NA	0.0069
6:26180634:G:C	rs62396185	NA	-0.0227
6:33771673:T:A	rs2281819	NA	-0.0182
6:34735883:T:C	rs3736896	NA	0.0132
6:50858235:T:A	rs72891717	NA	0.0456
6:51821089:T:C	rs1266921	NA	-0.0152
6:66920846:C:T	rs208477	NA	0.0036
6:98429337:T:C	rs9320823	NA	-0.021
6:108865663:T:G	rs6927268	NA	0.0171
6:111895860:T:C	rs4945884	NA	-0.0215
6:127048230:C:T	rs111743285	NA	-0.0293
6:134900227:C:T	rs228443	NA	0.0057
6:143193971:T:C	rs72995085	NA	0.0296
7:1872921:C:T	rs4721089	NA	0.0439
7:27202289:A:G	rs10259620	NA	-0.0064
7:32368524:A:G	rs215632	NA	0.0186
7:39326478:C:T	rs4549685	NA	NA
7:50697051:G:A	rs6948959	NA	-0.0162
7:77422583:A:G	rs6973656	NA	0.0044
7:95140031:C:T	rs17704028	NA	-0.0023
7:99141373:G:A	rs10278040	NA	NA
7:113028634:T:A	rs2396625	NA	-0.0126
7:130466854:A:G	rs972283	NA	-0.045
7:150542711:G:A	rs6977416	NA	0.034
8:4813459:A:G	rs11782341	NA	-0.0108
8:21975521:A:G	rs11786089	NA	-0.0107
8:25666169:C:T	rs59104534	NA	0.0085
8:62148943:C:T	rs2978551	NA	0.0173
8:73449940:G:A	rs7845090	NA	-0.0159
8:77224420:T:C	rs200119412	NA	0.0157
8:78876126:C:T	rs1486921	NA	-0.0013
8:87517201:A:G	rs7463186	NA	3e-4
8:116671848:A:G	rs4876611	NA	-0.016
8:126328974:T:C	rs28723563	NA	0.0034
8:126493392:A:G	rs2954032	NA	-0.0017
8:142617096:G:T	rs11782074	NA	0.0125
8:143364521:T:C	rs13275517	NA	0.0091
9:15880555:A:G	rs10756713	NA	-0.0172
9:16587758:C:T	rs1927626	NA	0.027
9:16739763:C:T	rs10756798	NA	-0.018
9:28414625:C:T	rs17770336	NA	0.0429
9:92191256:C:T	rs10797115	NA	0.0146
9:96430747:A:G	rs2398861	NA	-0.02
9:111927723:G:A	rs2176692	NA	NA
9:124630006:C:A	rs7030732	NA	-0.0136
10:21830104:A:G	rs11012732	NA	0.0036
10:33970319:T:C	rs16934748	NA	-0.0147
10:72428283:C:T	rs10999460	NA	3e-4
10:76848524:C:T	rs2002023	NA	0.0174
10:77657667:A:G	rs2208947	NA	-0.0161
10:88096047:G:C	rs10887578	NA	0.0281
10:96038686:G:A	rs11187838	NA	-0.0071
10:99793865:C:T	rs10883026	NA	-0.0152
10:103218567:A:C	rs75192636	NA	0.0167
10:114774433:A:C	rs36090025	NA	-0.2622
10:118778079:A:C	rs10886022	NA	-0.0205
10:120398369:T:G	rs4752183	NA	0.008
10:126419841:C:T	rs7080838	NA	0.0118
11:1483177:T:C	rs1881505	NA	0.0332
11:8690718:T:C	rs11042030	NA	0.0379
11:10083331:C:T	rs10840354	NA	0.0202
11:13349477:T:C	rs11826177	NA	NA
11:27487992:C:T	rs11030016	NA	-0.0064
11:27712381:A:G	rs1013402	NA	-0.0257
11:30243795:C:G	rs1782508	NA	0.0254
11:43692383:T:C	rs60572790	NA	0.0285
11:47669861:G:A	rs113211479	NA	0.0289
11:65302893:G:A	rs947791	NA	0.0457
11:66060546:G:A	rs479018	NA	-0.0093
11:77179272:T:C	rs112672990	NA	0.016
11:90473957:A:G	rs10830566	NA	0.0071
11:112832813:C:T	rs4547132	NA	-0.0119
11:122765478:G:A	rs7934638	NA	0.0085
11:130745719:C:T	rs11222371	NA	0.0085
11:131452511:C:T	rs12269938	NA	0.0163
11:134485782:G:A	rs34061097	NA	-0.0077
12:2159556:A:G	rs2108635	NA	-0.0125
12:3341510:G:C	rs10848835	NA	-0.0044
12:18146460:A:T	rs11043764	NA	-0.0067
12:54420098:C:T	rs4759318	NA	-0.0169
12:60953472:C:A	rs11173522	NA	0.0138
12:64236002:T:A	rs12819035	NA	NA
12:108165360:A:C	rs2111281	NA	-0.0082
12:120867798:A:G	rs76929617	NA	0.019
12:124491529:G:C	rs1187415	NA	NA
12:124608253:A:G	rs73221471	NA	0.0196
13:20262266:T:C	rs11619393	NA	-0.0124
13:31012904:C:T	rs1928496	NA	0.0213
13:33381721:C:T	rs56399737	NA	-0.0069
13:54453811:T:C	rs7982447	NA	-0.0133
13:86595267:T:A	rs9602949	NA	0.0081
13:99113166:A:G	rs6491427	NA	0.0181
13:111982615:A:G	rs1886558	NA	0.0095
13:112239671:G:A	rs9515455	NA	0.0177
14:29681138:G:C	rs9788550	NA	NA
14:33302882:G:T	rs17522122	NA	0.03
14:41350106:C:T	rs61985887	NA	0.0139
14:51207741:T:C	rs72681698	NA	0.1161
14:59416558:T:C	rs61975147	NA	0.0146
14:69753369:T:G	rs12890931	NA	-0.0214
14:75263775:A:G	rs878206	NA	2e-4
14:93069989:T:C	rs72697297	NA	0.0097
14:102189932:A:C	rs2991519	NA	NA
15:31680016:G:A	rs8042404	NA	-0.0131
15:52353498:C:G	rs35697691	NA	-0.0014
15:67370368:C:G	rs12901081	NA	-0.0155
15:73227669:G:A	rs2415212	NA	0.0119
15:78053208:C:T	rs9672778	NA	-0.0062
15:80989172:C:T	rs34769775	NA	-0.0191
15:84663107:A:G	rs2135877	NA	-0.0203
15:89398407:C:T	rs3743398	NA	NA
15:92573639:G:A	rs7498044	NA	-0.0145
16:4949528:G:T	rs28375268	NA	NA
16:24713437:T:C	rs75211514	NA	NA
16:28867061:T:C	rs147684209	NA	0.0248
16:30195791:C:T	rs72791248	NA	NA
16:31011183:A:G	rs4889606	NA	0.0127
16:64716851:T:C	rs9940346	NA	-0.0096
16:69551467:A:T	rs8049669	NA	NA
16:82874522:C:T	rs7196397	NA	0.0177
16:90080723:T:C	rs77733403	NA	0.014
17:1824305:C:A	rs4790292	NA	-0.0157
17:4801163:C:A	rs7774	NA	NA
17:21268583:C:T	rs8078135	NA	-0.0167
17:28546914:C:T	rs2020942	NA	0.0045
17:34866546:C:T	rs2306593	NA	-0.0218
17:42290015:G:A	rs2855818	NA	-0.0038
17:44623789:T:C	rs144216645	NA	NA
17:46470241:T:A	rs61006841	NA	NA
17:47090785:C:T	rs11079849	NA	-0.0453
18:1839339:C:T	rs9955276	NA	0.0362
18:13163903:A:G	rs11873650	NA	-0.0092
18:21083275:A:G	rs4800487	NA	0.0298
18:40788387:G:A	rs2052607	NA	-0.0166
18:45923482:G:T	rs8087074	NA	NA
18:57850422:G:T	rs538656	NA	0.0511
19:1860147:G:A	rs4806814	NA	-0.0274
19:4067314:C:T	rs188955288	NA	-0.0065
19:18207397:A:C	rs55714539	NA	4e-4
19:18806668:T:C	rs2003476	NA	0.0337
19:33953354:T:G	rs7247614	NA	0.012
19:45411941:T:C	rs429358	NA	0.0694
19:47602577:T:A	rs9304665	NA	NA
20:25449887:T:G	rs11474838	NA	0.0011
20:32903845:T:G	rs819168	NA	0.002
20:39832628:T:C	rs17265513	NA	-0.0348
20:41989051:C:T	rs4812700	NA	-0.0247
20:47689036:A:G	rs79186842	NA	0.0117
20:51100420:T:A	rs6021948	NA	-0.0216
20:62347189:G:T	rs62217798	NA	NA
21:43968859:G:A	rs228085	NA	0.0011
21:46581798:T:C	rs394608	NA	-0.0179
22:38599978:G:A	rs4820325	NA	0.0231
22:48874412:G:T	rs10854853	NA	0.0139
1:1592638:A:G	rs115866895	NA	-0.0103
1:2723214:C:A	rs4648450	NA	-0.0087
1:19925759:C:T	rs12024554	NA	-0.0048
1:23334339:T:C	rs1097327	NA	-0.0073
1:33234128:G:A	rs3737992	NA	-0.0333
1:40036944:G:A	rs61743745	NA	-2e-4
1:49996959:G:A	rs1167311	NA	-0.0021
1:66453163:G:A	rs2186120	NA	0.0048
1:72750470:G:A	rs34361149	NA	-0.0391
1:75005238:G:A	rs7553158	NA	-0.0047
1:91208514:A:C	rs2166172	NA	-0.0101
1:112293512:A:G	rs6687953	NA	-0.0239
1:156489974:G:A	rs1778830	NA	0.0067
1:195036225:T:C	rs10921760	NA	0.0147
1:209520450:T:C	rs17014332	NA	-0.0245
1:210224614:G:A	rs170553	NA	-0.0101
2:6194359:A:C	rs2141004	NA	0.0184
2:26949366:G:A	rs935166	NA	-0.0081
2:47002226:A:G	rs35722922	NA	0.0116
2:50241865:T:A	rs6545144	NA	-0.0204
2:55238677:G:A	rs3806572	NA	-0.0089
2:67837553:T:C	rs2861685	NA	0.0155
2:86766153:T:C	rs7557796	NA	0.0184
2:100801959:T:A	rs13002946	NA	NA
2:105480198:C:A	rs754481	NA	NA
2:145629568:G:T	rs115584509	NA	0.0199
2:147845911:G:C	rs593010	NA	-0.0166
2:159368720:G:A	rs80330591	NA	-0.0145
2:166148746:A:G	rs12619626	NA	0.0185
2:175062163:T:G	rs199750218	NA	0.012
2:181570507:A:G	rs12479357	NA	-0.0279
2:198950240:G:A	rs1064213	NA	0.0133
2:212292521:A:G	rs16846140	NA	-0.0194
2:220157418:A:C	rs4485556	NA	0.0098
2:228998742:A:G	rs72967047	NA	-0.0299
2:230627955:C:T	rs35882248	NA	0.0195
3:12926096:T:C	rs2569993	NA	-0.0155
3:15702641:T:C	rs6772763	NA	NA
3:20432033:G:A	rs34373881	NA	-0.0114
3:25081857:G:A	rs9847186	NA	-0.0169
3:42303074:G:T	rs4377469	NA	0.028
3:44456573:C:G	rs13076052	NA	-0.0142
3:50313527:A:C	rs762705	NA	-0.0094
3:61264084:C:G	rs815715	NA	0.0134
3:62687746:A:T	rs6769617	NA	0.0217
3:82634023:G:A	rs550669262	NA	0.0182
3:84321469:A:G	rs75557510	NA	6e-4
3:85868529:T:C	rs10865612	NA	0.0162
3:114415926:A:G	rs80082351	NA	NA
3:131626991:T:C	rs1225004	NA	-0.0284
3:136328270:T:C	rs1471740	NA	-0.0312
3:141298124:G:T	rs2035936	NA	NA
3:154034950:G:C	rs355777	NA	0.0087
3:161438118:C:A	rs6776471	NA	0.0134
3:170734438:A:G	rs73169730	NA	0.0513
4:3298800:T:C	rs2051559	NA	-0.0323
4:18351898:C:T	rs66679256	NA	0.0014
4:25408838:G:A	rs34811474	NA	NA
4:31003636:T:G	rs4261944	NA	-0.0021
4:55500226:C:A	rs6831020	NA	NA
4:65740387:G:A	rs17085463	NA	-0.0098
4:80717182:A:G	rs35851183	NA	-0.0073
4:130724902:C:T	rs11099020	NA	-0.0138
4:137083193:A:C	rs1296328	NA	0.0222
4:140780768:A:T	rs35853157	NA	0.0136
4:162091639:T:C	rs6536575	NA	-0.0117
5:3574564:C:T	rs6867471	NA	NA
5:27178172:T:G	rs7701777	NA	0.0113
5:43152216:T:C	rs13176429	NA	-0.0184
5:64076515:C:T	rs9291822	NA	-2e-4
5:80874229:C:T	rs28404639	NA	NA
5:87988934:T:C	rs1477290	NA	-0.0386
5:88778861:T:C	rs1919243	NA	-0.012
5:95711605:A:C	rs55838622	NA	NA
5:105766083:G:C	rs10059453	NA	0.014
5:140992235:A:G	rs3844598	NA	-7e-4
5:152509939:C:A	rs2118793	NA	NA
5:153106197:A:G	rs190301182	NA	-0.0076
5:153541904:G:T	rs1428120	NA	-0.0215
5:159984492:C:T	rs4921301	NA	NA
6:12086826:G:A	rs4467770	NA	NA
6:13178259:G:A	rs9463511	NA	-0.0074
6:25918473:C:T	rs9295675	NA	0.0017
6:26110599:A:C	rs707894	NA	0.0151
6:31768305:G:A	rs35604230	NA	-0.0036
6:33312455:G:A	rs9277992	NA	0.015
6:34262438:G:C	rs146696797	NA	NA
6:34661449:A:T	rs9368828	NA	0.0109
6:51243035:G:T	rs1775255	NA	0.0116
6:51739528:C:T	rs7453694	NA	0.0107
6:83432845:C:A	rs2482398	NA	-0.0142
6:90124635:C:T	rs9342196	NA	NA
6:97757782:T:A	rs12662900	NA	-0.0169
6:119524516:G:C	rs9489620	NA	0.0014
6:129387284:G:A	rs9388681	NA	0.0023
6:131859814:T:C	rs2749929	NA	-0.0229
6:143185557:T:A	rs765874	NA	-0.0082
6:153364643:G:T	rs7755574	NA	0.029
6:163009030:T:A	rs13210756	NA	-0.0325
7:1270699:G:A	rs6950388	NA	-0.0029
7:2108036:G:C	rs17132130	NA	-0.0382
7:3125220:C:T	rs4722398	NA	0.0194
7:32369148:A:G	rs215634	NA	0.0189
7:39307243:T:A	rs79682948	NA	NA
7:44784697:C:T	rs799449	NA	0.0109
7:76692376:A:G	rs147678035	NA	0.0335
7:77823117:C:T	rs3807652	NA	NA
7:78126279:T:G	rs2192649	NA	-0.0097
7:99126640:T:C	rs3843540	NA	0.0119
7:103449555:A:T	rs39330	NA	0.0193
7:112982130:A:G	rs12537134	NA	-0.0155
7:114350102:C:T	rs2045293	NA	0.0115
7:133581473:C:G	rs7810870	NA	0.0262
7:150645534:T:G	rs1805123	NA	0.0255
8:10665444:C:A	rs6601527	NA	-0.0262
8:14088275:T:G	rs7461253	NA	0.0209
8:20668624:G:T	rs2616192	NA	0.0157
8:25657921:A:G	rs1425717	NA	-0.0076
8:62054463:C:A	rs12681792	NA	0.0185
8:64720735:T:C	rs791405	NA	-0.0171
8:77223088:G:A	rs201519328	NA	0.0157
8:85620323:C:T	rs77883185	NA	0.0071
8:89637919:T:C	rs9297524	NA	0.0157
8:95631476:A:G	rs35529153	NA	NA
9:15852777:T:G	rs13294945	NA	-0.0161
9:34074987:T:A	rs55781253	NA	NA
9:37278064:A:T	rs13289199	NA	-0.0217
9:92207308:A:G	rs7357754	NA	-0.0129
9:94178987:C:T	rs2440589	NA	-0.002
9:103113652:C:A	rs3931548	NA	0.0127
9:109072075:T:G	rs7024334	NA	0.0123
9:120721339:A:C	rs2254331	NA	-0.0095
9:120896390:A:G	rs1327808	NA	-0.0064
9:129464856:A:G	rs3861879	NA	-0.0134
9:131015279:G:A	rs2267958	NA	NA
9:133788465:G:C	rs6597653	NA	0.0257
10:10255003:T:G	rs4749937	NA	0.0033
10:16752483:G:A	rs2356376	NA	0.0211
10:33715975:G:A	rs12260817	NA	0.0063
10:34070990:T:C	rs61845249	NA	-0.0168
10:53673286:A:G	rs4595495	NA	-0.0022
10:64846841:C:T	rs10822129	NA	-0.013
10:76054961:C:T	rs112921972	NA	0.0173
10:93061949:C:T	rs2450447	NA	-0.0034
10:102487140:C:T	rs61871615	NA	NA
10:118777998:G:C	rs10749233	NA	-0.0201
10:125220036:G:A	rs845084	NA	NA
10:126640936:T:C	rs67609008	NA	0.0049
10:133984916:G:A	rs2035806	NA	-0.0132
11:840363:C:T	rs6591	NA	NA
11:8694073:G:C	rs12575252	NA	-0.0314
11:27679916:C:T	rs6265	NA	-0.0204
11:28742220:A:C	rs491711	NA	0.0255
11:30430332:G:C	rs7942037	NA	-0.0164
11:43678573:T:C	rs75936055	NA	0.0284
11:46141511:G:A	rs555754158	NA	0.0387
11:47529947:C:A	rs7124681	NA	0.0299
11:64049021:C:T	rs34292685	NA	0.0059
11:65639374:C:T	rs2234458	NA	-0.0107
11:76473138:A:C	rs1465900	NA	0.0225
11:84630335:C:T	rs10898330	NA	-0.0083
11:115044850:C:A	rs1048932	NA	NA
11:118957246:T:C	rs1799992	NA	0.0275
11:122545146:C:T	rs35483388	NA	0.0037
11:130817579:T:A	rs7940866	NA	0.018
11:133767622:G:T	rs329651	NA	NA
11:134601012:T:G	rs12364470	NA	-0.0219
12:14413931:G:C	rs12422552	NA	NA
12:41887940:C:T	rs1458156	NA	0.0269
12:50263148:G:A	rs7132908	NA	0.0334
12:56493822:A:C	rs2292238	NA	0.0068
12:69724909:T:A	rs317687	NA	NA
12:78203579:G:A	rs4761401	NA	0.0012
12:97941390:A:G	rs1901241	NA	-0.01
12:103724090:G:A	rs7138383	NA	-0.0236
12:108310327:A:C	rs55938344	NA	0.0108
12:121700858:G:A	rs11613680	NA	-0.0045
12:123024476:G:T	rs147730268	NA	0.0258
12:123492112:C:T	rs3897102	NA	0.0174
13:20616557:A:C	rs9579775	NA	-0.0248
13:28018237:G:C	rs9507895	NA	-0.0248
13:31015154:C:T	rs9506311	NA	0.0213
13:33092929:C:T	rs35193668	NA	-0.0132
13:40759773:T:C	rs10507483	NA	-0.0141
13:53826781:G:T	rs13353100	NA	0.0113
13:54372377:G:A	rs7987928	NA	-0.0139
13:58626188:G:A	rs11148421	NA	-0.0325
13:59367767:T:C	rs9527895	NA	-0.0229
13:65475834:T:G	rs1949204	NA	-0.0163
13:86477072:C:T	rs116394958	NA	0.0185
13:96982541:T:G	rs7990098	NA	0.0155
13:99236471:G:A	rs7331420	NA	NA
13:112221296:C:T	rs9522279	NA	0.0173
14:25930988:C:A	rs8015400	NA	0.0248
14:33269271:A:C	rs145946602	NA	NA
14:47358474:T:C	rs2933223	NA	-0.0208
14:73409613:G:A	rs2333012	NA	-0.0132
14:79899454:C:T	rs7141420	NA	NA
14:91485445:T:G	rs1286138	NA	0.0136
14:103990799:T:C	rs3759584	NA	0.0239
15:26980098:C:T	rs8027969	NA	-0.0039
15:46586088:C:T	rs7183417	NA	0.0132
15:47758909:G:A	rs55689274	NA	0.0041
15:52260107:G:A	rs117632017	NA	4e-4
15:66503584:G:A	rs113182412	NA	NA
15:68080886:A:T	rs4776970	NA	0.0303
15:73082240:C:T	rs4777541	NA	NA
15:78012618:C:T	rs11855853	NA	-0.0075
15:79403585:C:T	rs2870111	NA	-0.0089
15:95272235:T:C	rs2046002	NA	0.0151
16:19942527:T:C	rs4613074	NA	0.0161
16:24540806:T:G	rs2342892	NA	2e-4
16:28868962:C:G	rs62037365	NA	-0.025
16:29954654:T:G	rs4402589	NA	-0.024
16:54267868:C:T	rs117342986	NA	NA
16:69144151:C:G	rs7189149	NA	0.0074
16:69651866:C:T	rs862320	NA	-0.0434
16:72996162:G:A	rs756717	NA	NA
16:82448195:C:G	rs11150461	NA	0.0117
17:2138828:C:G	rs11078883	NA	-0.0073
17:15943910:T:C	rs1075901	NA	-0.0032
17:31464270:G:A	rs11656076	NA	-0.0132
17:34919623:C:T	rs34966008	NA	-0.0216
17:44017725:G:T	rs11653258	NA	NA
17:46288649:A:T	rs56161855	NA	0.0209
17:52937056:A:G	rs2332306	NA	-0.0091
17:79072594:A:C	rs9319615	NA	NA
18:1839911:G:T	rs60764613	NA	0.0364
18:13199302:T:C	rs2155869	NA	-6e-4
18:21090023:A:G	rs1788808	NA	0.0289
18:31262552:A:G	rs1389067	NA	-0.0168
18:39605066:A:G	rs7237783	NA	-0.022
18:42946757:A:G	rs2247593	NA	0.0216
18:53397199:T:C	rs784257	NA	-0.0024
18:57849429:C:T	rs58084604	NA	0.0511
19:2244849:G:A	rs45486197	NA	NA
19:18217147:T:C	rs273505	NA	0.0017
19:18834514:C:T	rs10404726	NA	-0.0314
19:19394640:C:T	rs56212061	NA	-0.0068
19:31019807:G:A	rs11084554	NA	-0.0287
19:45395844:G:A	rs34095326	NA	NA
19:46274553:G:A	rs112693590	NA	-0.0239
19:47569003:G:A	rs3810291	NA	0.027
20:2126089:A:G	rs2153740	NA	0.0163
20:6612832:A:G	rs1884897	NA	0
20:25195509:A:G	rs6050446	NA	-0.0622
20:32544327:T:C	rs6142059	NA	-0.0194
20:51103807:A:G	rs67844506	NA	0.0353
20:62130403:G:T	rs150998792	NA	NA
21:40644170:T:C	rs8134638	NA	-0.0084
21:41427168:A:C	rs2837398	NA	-0.0062
22:40695172:A:C	rs6001870	NA	0.0018
22:41804716:G:A	rs28489620	NA	NA
1:962891:C:T	rs4970394	NA	0.0076
1:4569436:T:A	rs780569	NA	0.0016
1:35363679:G:A	rs4417025	NA	0.0022
1:216681000:T:C	rs2244598	NA	0.0095
2:23884929:A:G	rs1078345	NA	-0.01
2:45159091:G:A	rs1004787	NA	NA
2:58110969:C:A	rs2717063	NA	-3e-4
2:65566151:G:C	rs13014929	NA	0.0028
3:49250007:C:T	rs113011189	NA	0.0275
3:68367425:A:T	rs13097366	NA	-0.0098
3:71553132:T:G	rs9842406	NA	0.0226
3:85407980:G:T	rs9814516	NA	-0.0042
4:3281799:A:G	rs73193340	NA	-0.0322
4:39414993:A:G	rs11940694	NA	-0.0108
4:100290815:C:G	rs62305780	NA	-0.0268
4:103198082:A:G	rs13135092	NA	-0.0408
4:135900688:T:C	rs13102973	NA	0.003
4:184828533:C:A	rs62339673	NA	0.011
5:87504285:T:C	rs33705	NA	-0.0117
5:144175343:T:G	rs248558	NA	0.0034
5:145619857:A:G	rs72806111	NA	-0.0045
6:12903957:A:G	rs9349379	NA	0.0076
6:31328518:G:A	rs56189237	NA	NA
6:76179197:G:T	rs56228311	NA	-0.0187
6:98344031:G:A	rs9372625	NA	-0.0179
7:1961882:C:A	rs73050128	NA	-0.0455
7:44865064:A:G	rs10278679	NA	0.0076
7:73042085:C:T	rs62466318	NA	0.007
7:74227651:C:T	rs202209188	NA	NA
7:141668403:G:T	rs4726481	NA	NA
7:153494206:T:C	rs56119718	NA	0.0029
8:30840591:G:A	rs2111861	NA	-0.0274
8:142615222:C:T	rs11787216	NA	0.0128
8:143534777:T:C	rs7460106	NA	0.0149
10:99715744:G:A	rs489062	NA	0.0106
10:102626510:G:T	rs61873510	NA	NA
11:133783232:T:C	rs748919	NA	-0.0047
12:54660427:G:A	rs57281063	NA	-0.0134
13:49925365:A:C	rs7991335	NA	-0.0099
15:34659517:G:C	rs117799466	NA	NA
15:76508632:T:C	rs80292319	NA	0.0317
16:6163838:G:A	rs9923768	NA	0.0078
16:28632288:G:C	rs8049739	NA	-0.0156
16:30057148:C:T	rs35105141	NA	0.0302
16:53800954:T:C	rs1421085	NA	-0.1227
16:69181874:C:T	rs7196706	NA	-0.0032
16:73912588:G:C	rs1104608	NA	NA
17:27588806:C:A	rs8614	NA	NA
17:29730350:T:C	rs9891943	NA	-0.0336
17:40721042:C:T	rs650558	NA	0.0369
17:43925297:C:T	rs17690703	NA	0.0221
18:53045198:C:T	rs1788030	NA	0.0188
18:57826570:T:C	rs12967878	NA	-0.0501
19:49248730:G:A	rs838145	NA	0.003
20:35567830:T:G	rs4239694	NA	0.0013
1:10798489:C:G	rs34071855	NA	0.0097
1:16493225:G:A	rs4661712	NA	NA
1:25793663:C:T	rs61775180	NA	-0.0063
1:27180088:A:C	rs75460349	NA	-0.0634
1:55505647:G:T	rs11591147	NA	NA
1:55521313:G:T	rs472495	NA	-0.0035
1:55526428:T:G	rs11206517	NA	-0.0062
1:62999675:C:G	rs7534572	NA	-0.0034
1:109266523:A:G	rs2026485	NA	0.0075
1:109766191:C:T	rs626784	NA	-0.0072
1:109777764:G:A	rs114166723	NA	NA
1:109822008:G:T	rs4970837	NA	-0.0104
1:110232983:A:G	rs140584594	NA	NA
1:174896226:G:T	rs72717661	NA	0.01
1:182140185:C:G	rs17447211	NA	7e-4
1:198994619:C:T	rs6667939	NA	0.0032
1:221010513:T:G	rs2807848	NA	0.0037
1:230305312:G:A	rs1321257	NA	-0.0012
1:234734956:C:T	rs10910476	NA	0.0015
1:234850422:A:C	rs11320208	NA	0.0042
1:246891269:T:C	rs3935011	NA	9e-4
2:20916051:A:G	rs4971541	NA	0.0034
2:21190209:C:T	rs6547409	NA	NA
2:21325188:A:T	rs312944	NA	0.0094
2:27753878:A:C	rs4665985	NA	0.0369
2:44069772:G:A	rs75331444	NA	-0.0083
2:44097360:A:G	rs35206901	NA	-0.0083
2:62988169:G:T	rs4671050	NA	-0.0188
2:64928603:T:C	rs12471768	NA	-0.0089
2:109080914:G:T	rs7601939	NA	-0.0129
2:118845121:G:A	rs150474434	NA	-9e-4
2:121306440:G:A	rs17050272	NA	NA
2:135607854:C:T	rs10432370	NA	0.0068
2:169832761:G:C	rs4148784	NA	0.0059
2:203511571:A:C	rs12466268	NA	-0.0097
2:234522619:A:C	rs149247216	NA	0.0035
2:242396694:T:C	rs886812	NA	-0.0093
3:12239931:G:T	rs13098031	NA	-0.0139
3:32533010:C:T	rs7640978	NA	0.0035
3:58398215:C:T	rs13066351	NA	-0.016
3:69810294:G:T	rs55921103	NA	0.0093
3:122268506:T:C	rs9289196	NA	-0.0091
3:132217703:G:A	rs113177823	NA	-0.0049
3:142648844:G:T	rs11709868	NA	-0.0032
4:3443931:A:G	rs13108218	NA	0.0137
4:40428010:T:C	rs278981	NA	-0.0071
4:69373407:T:C	rs9884390	NA	0.0069
4:87976359:A:T	rs1471251	NA	0.0031
5:52095024:C:T	rs116734477	NA	0.0307
5:71849807:T:C	rs71628040	NA	-0.0062
5:74656539:T:C	rs12916	NA	0.026
5:122848876:G:A	rs7734476	NA	-0.0107
5:131638817:C:T	rs272838	NA	5e-4
5:156391628:T:C	rs6874202	NA	0.0033
6:16126934:G:A	rs7746081	NA	-0.0043
6:29937795:G:A	rs1061537	NA	-0.0023
6:30696762:A:G	rs4947288	NA	-0.0028
6:31514448:C:T	rs34568880	NA	-0.0575
6:32630028:G:A	rs68027833	NA	-0.0109
6:42940810:T:C	rs9296406	NA	0.0036
6:100620931:C:T	rs17185536	NA	0.0014
6:116325142:C:T	rs3756772	NA	-0.0041
6:127456122:A:G	rs9491697	NA	0.0128
6:160523709:C:T	rs2297367	NA	0.0072
6:160543148:C:T	rs12208357	NA	-0.0046
6:160578069:G:T	rs146534110	NA	NA
6:160922870:A:G	rs117733303	NA	-0.0123
6:160985526:G:A	rs118039278	NA	0.0167
7:21604916:C:G	rs4470903	NA	-0.0016
7:25934357:G:A	rs896311	NA	NA
7:44581986:T:C	rs17725246	NA	0.0114
7:73020301:T:C	rs799157	NA	0.0223
7:97993362:T:A	rs3779195	NA	-0.0215
7:100216773:C:T	rs10953298	NA	0.0076
7:130437124:A:G	rs13230111	NA	0.0456
8:9173209:G:A	rs7012637	NA	-0.0041
8:19824492:T:C	rs13702	NA	0.0216
8:21928227:G:A	rs59328596	NA	-0.0089
8:55433151:T:G	rs10087526	NA	-0.007
8:59393273:A:G	rs4738684	NA	-0.0154
8:74899141:C:T	rs11775193	NA	-0.0056
8:116667539:G:T	rs2737263	NA	-0.0154
8:126500031:C:G	rs28601761	NA	-0.0039
8:126631687:C:T	rs3860846	NA	0.0189
8:145031968:C:T	rs55831924	NA	-0.0086
9:2640759:A:G	rs3780181	NA	0.0039
9:15305378:G:C	rs581080	NA	NA
9:22081850:C:T	rs6475606	NA	0.0232
9:136149711:A:T	rs115478735	NA	0.0505
9:139320069:T:G	rs10448340	NA	0.0132
10:52373245:G:A	rs80276949	NA	NA
10:94839642:G:A	rs2068888	NA	-0.0054
10:95052021:C:T	rs2761311	NA	0.001
10:115786233:G:A	rs72823013	NA	0.0033
10:124686656:T:C	rs10794579	NA	-0.0101
11:5701074:C:A	rs11601507	NA	NA
11:18640477:C:T	rs4757676	NA	-0.0085
11:61588305:A:G	rs174564	NA	0.026
11:103870640:T:A	rs115739682	NA	-6e-4
11:116648917:G:C	rs964184	NA	NA
11:116714293:A:G	rs141469619	NA	-0.0087
11:126244955:G:A	rs4307732	NA	NA
12:4328521:G:A	rs117233107	NA	NA
12:53811034:T:C	rs10876450	NA	-0.0157
12:57692470:C:T	rs12313762	NA	-0.0066
12:111973358:A:G	rs597808	NA	0.0044
12:121416650:A:C	rs1169288	NA	-0.048
12:124447466:A:G	rs55990776	NA	-0.033
12:125303282:T:C	rs10846740	NA	-0.0097
13:32959199:C:T	rs2238162	NA	0.0031
13:114551993:T:C	rs6602909	NA	-0.001
14:24871926:C:T	rs11621792	NA	0.0079
14:70783943:A:G	rs8021180	NA	0.0033
14:94768196:T:C	rs145730801	NA	0.004
15:58680184:C:T	rs7177289	NA	-0.0176
15:63810625:G:C	rs72750932	NA	NA
15:75083912:A:G	rs12442901	NA	0.0013
16:56990716:C:A	rs247617	NA	-0.0047
16:57071114:A:G	rs1672867	NA	-0.0277
16:71653767:T:C	rs2334879	NA	-0.0102
16:72097827:C:T	rs3794695	NA	0.0123
16:83937785:C:T	rs62047932	NA	NA
16:83980965:C:T	rs11149612	NA	NA
17:7080316:C:T	rs55714927	NA	0.0126
17:7217099:T:G	rs78173576	NA	-0.0042
17:7487108:A:G	rs2075230	NA	-0.0225
17:26694861:G:A	rs704	NA	-0.0043
17:27663848:T:C	rs2058122	NA	0.0093
17:45629406:G:A	rs36043200	NA	-9e-4
17:64228995:G:C	rs149394327	NA	0.0221
17:67191270:C:G	rs72631343	NA	-0.0091
19:10622478:G:C	rs62131897	NA	NA
19:11190549:G:A	rs145960625	NA	0.0132
19:11227480:A:C	rs2738447	NA	-5e-4
19:11285390:G:A	rs440677	NA	NA
19:44867589:C:T	rs7258089	NA	NA
19:45232161:G:A	rs62117160	NA	NA
19:45346666:C:G	rs148601586	NA	0.0272
19:45351516:C:G	rs41289512	NA	0.0677
19:45393516:C:T	rs117310449	NA	-0.0505
19:45397229:G:A	rs1160983	NA	0.027
19:45814741:C:T	rs112016107	NA	0.0053
19:49211154:A:G	rs78736419	NA	NA
19:58665817:C:A	rs35511051	NA	0.0011
20:5580789:C:T	rs73075609	NA	-0.028
20:17804068:G:A	rs61433703	NA	NA
20:17844684:G:T	rs2618566	NA	0.0073
20:25265872:C:T	rs2257464	NA	-0.0036
20:34142527:T:C	rs224418	NA	-0.0192
20:39179822:G:C	rs1883711	NA	0.0037
20:39780932:G:A	rs6093446	NA	0.0112
20:44545460:G:A	rs4812975	NA	0.0053
20:62909520:G:A	rs6090101	NA	-0.0136
21:40665296:G:A	rs9982111	NA	0.01
22:50840573:G:A	rs9616822	NA	-0.0093
1:10492684:C:T	rs583515	NA	0.0062
1:21434533:T:C	rs7537072	NA	0.0085
1:21820042:A:G	rs12132412	NA	-0.0039
1:22681214:C:T	rs34761529	NA	0.0126
1:40035928:G:T	rs3768321	NA	NA
1:44396215:T:C	rs1859726	NA	0.0013
1:65210790:C:T	rs567910619	NA	NA
1:65743510:A:G	rs77590062	NA	-0.0094
1:65778407:G:T	rs77592988	NA	-0.0231
1:66169679:G:A	rs12753193	NA	0.0072
1:66290024:C:T	rs34061534	NA	NA
1:91545826:A:G	rs469802	NA	-0.013
1:92925654:G:C	rs150649461	NA	NA
1:93883993:G:T	rs6686095	NA	-0.0061
1:109814880:C:T	rs4970834	NA	NA
1:112328245:C:T	rs653170	NA	NA
1:154351995:G:A	rs138227751	NA	NA
1:154419892:G:A	rs12730935	NA	-0.014
1:159389752:C:G	rs6695441	NA	0.0029
1:159647656:C:A	rs12744244	NA	NA
1:159706990:T:G	rs12081480	NA	0.0123
1:198147819:G:T	rs67919109	NA	0.0074
1:214348141:G:A	rs1223801	NA	-0.0029
1:221103388:A:G	rs11118625	NA	-0.0041
1:222061973:T:C	rs11577023	NA	-0.0052
1:236301301:G:A	rs4006577	NA	-0.0019
1:247588053:C:T	rs34298354	NA	NA
1:247601886:A:G	rs56015600	NA	0.0063
2:466003:G:A	rs62104180	NA	NA
2:620297:A:G	rs7563362	NA	-0.0433
2:25136866:T:A	rs10203386	NA	4e-4
2:27730940:T:C	rs1260326	NA	-0.0588
2:37090233:T:C	rs2110944	NA	-0.009
2:57347944:A:C	rs13014038	NA	-0.0077
2:59150981:T:C	rs76040012	NA	0.0168
2:102541080:G:A	rs11693537	NA	NA
2:102759293:A:C	rs1800919	NA	0.0038
2:113801150:T:A	rs10175899	NA	-0.0075
2:113841030:A:G	rs6734238	NA	0.0039
2:113995296:T:C	rs114414824	NA	0.014
2:169893419:G:A	rs2161037	NA	-0.0068
2:174868755:C:T	rs17308476	NA	1e-4
2:175197545:C:A	rs12992995	NA	NA
2:178190491:A:C	rs12992747	NA	-0.0122
2:214033637:G:T	rs1441171	NA	-0.0087
2:232324510:T:C	rs12620844	NA	-0.0028
2:242296449:A:G	rs1476698	NA	-0.0073
3:9505238:C:T	rs7652415	NA	0.0403
3:24520283:A:G	rs6792725	NA	0.0028
3:49734040:G:T	rs12496226	NA	0.0234
3:101845939:G:A	rs75064168	NA	0.0084
3:123065778:A:G	rs11708067	NA	0.0767
3:135932359:C:T	rs687339	NA	0.0298
3:136987413:A:G	rs9838974	NA	0.0025
3:170695426:G:A	rs1905505	NA	-0.053
3:196045555:C:G	rs67581262	NA	-0.0103
4:18347770:G:A	rs7695067	NA	0.0025
4:45134713:G:A	rs6845703	NA	NA
4:67998903:G:C	rs72636674	NA	0.006
4:89054667:A:G	rs4148155	NA	0.0052
5:52080909:T:C	rs77704739	NA	-0.0312
5:56120413:C:T	rs2432195	NA	-0.0172
5:72976175:T:G	rs4704093	NA	-0.0056
5:107316915:G:A	rs172305	NA	NA
5:150435645:T:C	rs12516176	NA	-0.0014
5:156735380:C:T	rs17051926	NA	0.0013
5:170516570:T:C	rs2608101	NA	0.013
5:172176886:C:T	rs2161374	NA	0.0065
6:7010430:T:G	rs57014345	NA	-0.0179
6:31235261:G:A	rs2395470	NA	NA
6:32490292:G:C	rs185320691	NA	NA
6:32545392:G:C	rs35511257	NA	0.0273
6:32561638:C:T	rs35371668	NA	0.0464
6:41681622:T:A	rs2057069	NA	NA
6:98411631:A:G	rs6905544	NA	-0.0205
6:116387255:T:C	rs1933736	NA	0.0046
6:126851160:C:T	rs1490384	NA	0.0383
6:127439897:G:C	rs141783576	NA	NA
6:138006504:G:A	rs6920220	NA	0.004
6:138185422:T:C	rs654912	NA	0.0033
6:153375060:G:A	rs544012575	NA	0.0292
7:1023617:C:A	rs9638882	NA	-0.0059
7:22746564:T:A	rs13242809	NA	NA
7:22882291:C:T	rs61542988	NA	NA
7:36085142:T:C	rs2700938	NA	0.0019
7:72864869:A:G	rs714052	NA	-0.0286
7:74073590:A:G	rs73137144	NA	-0.0325
7:99181839:G:A	rs6961634	NA	-0.0118
7:101844851:A:G	rs60987662	NA	-0.0085
7:128584084:T:C	rs7808907	NA	0.0046
7:150312474:A:G	rs12540285	NA	-0.0228
8:9239371:G:A	rs7846549	NA	0.0352
8:10095293:C:G	rs2975725	NA	-0.0168
8:64341554:A:G	rs2011689	NA	0.0028
8:103506057:C:T	rs2961111	NA	0.0074
8:103642986:C:T	rs7833554	NA	NA
8:116960729:A:G	rs7828742	NA	-0.022
8:126333642:T:C	rs11777625	NA	-0.0024
8:126506694:G:A	rs112875651	NA	NA
8:142617261:C:G	rs746839	NA	-0.0126
8:144643169:C:T	rs1545536	NA	NA
9:15866156:C:G	rs10810455	NA	0.016
9:102281383:A:G	rs10760691	NA	-0.0023
9:104117630:C:A	rs73656635	NA	0.0081
9:136155000:C:T	rs635634	NA	0.0505
9:139263596:A:C	rs11145763	NA	0.0268
10:30691503:G:A	rs2050392	NA	0.0069
10:63053788:A:C	rs3125326	NA	-0.0016
10:75562161:C:A	rs13013	NA	0.0187
10:80819132:A:G	rs704017	NA	0.0064
10:91005854:C:T	rs2246833	NA	-0.0061
10:94809799:A:T	rs835278	NA	0.0074
10:133736636:A:G	rs7084062	NA	-0.0027
11:11820449:A:C	rs10831676	NA	0.0055
11:13361524:C:T	rs6486122	NA	0.0195
11:16251251:A:T	rs2030291	NA	-0.0128
11:27694241:G:C	rs2049045	NA	-0.0222
11:32956492:C:T	rs62618693	NA	-0.0945
11:47362465:G:C	rs10769254	NA	0.0019
11:59928672:G:C	rs11605427	NA	6e-4
11:61508379:A:G	rs198441	NA	-0.0133
11:65813383:C:T	rs2430979	NA	-0.0118
11:72504141:C:G	rs519790	NA	-0.0244
12:6440009:T:C	rs1800693	NA	0.0015
12:12879254:T:G	rs7956514	NA	-0.0038
12:21701150:T:A	rs1580300	NA	-0.0104
12:24195798:G:T	rs12300845	NA	-0.0012
12:31997635:C:A	rs9738365	NA	NA
12:47193818:C:T	rs2250010	NA	0.0048
12:56921304:G:A	rs799260	NA	-0.0124
12:69744014:C:A	rs1800973	NA	0.0046
12:84070366:G:A	rs7485554	NA	0.015
12:90429028:A:G	rs7311631	NA	0.0017
12:95857690:G:A	rs12231235	NA	-0.022
12:103522952:C:T	rs4764939	NA	0.0154
12:120932113:G:T	rs3759392	NA	NA
12:121405126:C:A	rs2251468	NA	-0.0406
12:121681536:C:T	rs1140886	NA	NA
12:121694139:A:G	rs2393846	NA	-0.0265
12:122760191:G:A	rs7968420	NA	0.0124
13:42584871:G:C	rs2166625	NA	-0.0047
13:42957489:T:C	rs7317323	NA	-0.0127
13:58712638:G:A	rs1348675	NA	0.0061
13:110383798:G:A	rs11617494	NA	-7e-4
13:113927208:G:T	rs9604045	NA	NA
14:24874193:G:T	rs72694393	NA	0.0093
14:73011885:A:G	rs2239222	NA	0.0081
14:73366493:A:G	rs17781691	NA	0.0075
14:94844947:C:T	rs28929474	NA	-0.0732
14:96919620:G:A	rs11850396	NA	-0.0065
15:53169284:G:A	rs17652767	NA	0.0051
15:53728710:C:T	rs149624078	NA	NA
15:60908082:C:T	rs340023	NA	0.0125
16:2169458:G:A	rs4018180	NA	0.0045
16:27327214:T:G	rs8060025	NA	-0.0051
16:28826049:C:T	rs28472312	NA	NA
16:29932064:C:T	rs4609871	NA	0.0248
16:51067084:C:T	rs141179989	NA	NA
16:51205819:T:G	rs728538	NA	-0.0092
16:51436882:A:G	rs17616063	NA	-0.0055
16:53798319:G:A	rs28429148	NA	0.1147
16:69566309:C:G	rs12933292	NA	0.0424
16:79042774:G:T	rs889745	NA	NA
16:88534923:A:G	rs34139656	NA	0.017
17:1346417:C:T	rs12941913	NA	0.0109
17:1652483:T:A	rs4790286	NA	0.0053
17:15884561:C:T	rs10491104	NA	0.0022
17:36073320:C:A	rs17138478	NA	NA
17:40772288:T:C	rs35635959	NA	-0.0378
17:57879610:A:G	rs2777895	NA	-0.0044
17:64224775:C:T	rs8178824	NA	0.0217
17:72702914:C:T	rs1037170	NA	0.0062
17:73156068:G:T	rs7208261	NA	-0.0156
17:76328837:G:A	rs17642091	NA	NA
17:76364099:T:C	rs6501207	NA	0.0013
18:12812167:A:C	rs2847289	NA	0.0021
18:13002309:G:A	rs9964912	NA	0.0053
18:55089715:T:C	rs55855238	NA	0.0029
18:57863231:T:A	rs185575165	NA	0.0454
19:1950864:G:A	rs62129471	NA	0.0212
19:18513594:T:C	rs1985157	NA	-0.0039
19:19460541:G:C	rs73001065	NA	0.0777
19:45078553:C:A	rs846881	NA	NA
19:45387459:C:G	rs12972156	NA	0.0561
19:45405499:G:A	rs141864196	NA	0.0223
19:45466335:C:T	rs204914	NA	0.015
19:45478352:A:G	rs146390218	NA	-0.0011
19:45490702:C:T	rs150554721	NA	0.0208
19:45541782:G:A	rs34827707	NA	NA
19:45543755:A:G	rs76856627	NA	0.0013
20:25307574:C:T	rs6083801	NA	0.0038
20:49036638:A:G	rs6012927	NA	0.0035
20:61377272:C:T	rs6089985	NA	NA
20:62347191:G:T	rs62217799	NA	0.0302
20:62692060:A:C	rs6090040	NA	0.0204
21:37425955:C:T	rs762360	NA	-0.0038
21:40466299:G:T	rs2836881	NA	0.0041
22:39096602:T:C	rs6519133	NA	0.005
22:41432389:G:C	rs4820427	NA	0.0068
1:10338204:C:T	rs41274456	NA	0.0285
1:16368977:C:T	rs2007471	NA	0.0101
1:21432001:T:C	rs4654735	NA	0.0059
1:24155731:A:G	rs4649115	NA	0.0051
1:25022314:G:A	rs72654647	NA	0.0101
1:26193510:C:T	rs2782824	NA	0.0059
1:44189695:A:G	rs11210906	NA	-0.0077
1:47946433:T:C	rs10890482	NA	-9e-4
1:68720448:T:A	rs4655791	NA	6e-4
1:89174253:A:T	rs10801682	NA	0.0083
1:93747683:T:G	rs7526112	NA	-0.0079
1:115853084:T:C	rs12048019	NA	-0.0069
1:120266903:C:G	rs662602	NA	-0.0034
1:161537846:T:G	rs61801002	NA	-0.0133
1:172137134:A:T	rs17277127	NA	0.0031
1:173831757:A:T	rs61827925	NA	-0.0073
1:198840934:G:T	rs143031547	NA	-0.0061
1:199010721:C:T	rs1434282	NA	0.0029
1:203281175:G:C	rs17534202	NA	NA
1:205150784:T:G	rs7529448	NA	-0.0103
1:214180721:A:G	rs3767844	NA	0.0431
1:217436181:C:T	rs1466	NA	-0.0041
1:224367636:A:C	rs6673347	NA	-4e-4
1:231554531:C:T	rs7534248	NA	NA
1:243641971:C:T	rs3006917	NA	-0.0086
2:8754206:G:A	rs4669306	NA	3e-4
2:10178479:C:T	rs3885668	NA	0.0046
2:23938883:G:A	rs2339851	NA	0.009
2:27982119:A:G	rs77154381	NA	-0.0169
2:43443892:G:A	rs72613898	NA	-0.0137
2:46247596:T:G	rs28398174	NA	0.0222
2:46455316:G:A	rs8179696	NA	0.0067
2:60630898:G:T	rs67560546	NA	-0.0302
2:60768978:G:A	rs2665668	NA	NA
2:62373915:T:C	rs9752887	NA	0.0018
2:64881229:G:A	rs2302643	NA	0.0091
2:100764125:T:C	rs10496344	NA	0.0104
2:111702193:G:A	rs1114413	NA	-0.0139
2:112145488:G:T	rs142118720	NA	0.0011
2:112167931:T:C	rs62160676	NA	-0.003
2:112250758:G:A	rs138308793	NA	NA
2:114017937:T:C	rs34197504	NA	-0.0073
2:135638044:C:T	rs12473839	NA	0.0067
2:145720139:A:G	rs72854462	NA	-0.0223
2:160690656:G:A	rs78446341	NA	0.005
2:177709565:G:A	rs2196658	NA	-0.0019
2:182083827:G:A	rs6717590	NA	0.0091
2:190423096:T:C	rs12466208	NA	0.0047
2:198600730:T:G	rs700642	NA	0.0014
2:207999713:G:A	rs7583880	NA	-0.003
2:219541056:T:C	rs2556388	NA	0
2:236369231:T:A	rs1356335	NA	-0.0043
3:16925900:G:C	rs138928772	NA	0.0033
3:17013202:C:A	rs202020455	NA	NA
3:24347800:T:C	rs869785	NA	-0.0071
3:37919762:C:G	rs78192244	NA	-0.0055
3:41864564:T:C	rs73079324	NA	-0.0054
3:49892896:A:G	rs10049413	NA	-0.0213
3:52464827:T:C	rs62257614	NA	0.0143
3:56748186:C:A	rs6445817	NA	0.002
3:58327540:T:C	rs9822855	NA	-0.0187
3:69871377:G:A	rs35183823	NA	0.0199
3:71339279:A:G	rs1653967	NA	-4e-4
3:88196211:A:C	rs9861443	NA	-0.0159
3:101136402:G:C	rs9859077	NA	-0.0027
3:133454847:G:A	rs6801244	NA	0.0046
3:141147414:T:C	rs7650602	NA	0.0223
3:142270359:T:C	rs6440088	NA	0.0017
3:156794425:C:G	rs4680338	NA	-0.0283
3:169098791:C:T	rs988397	NA	0.009
3:169482335:T:C	rs2293607	NA	0.0054
3:184045799:A:G	rs939317	NA	0.022
3:194672765:A:G	rs116019824	NA	-0.0057
3:195831237:T:C	rs9872347	NA	-0.0309
3:195924036:C:T	rs62410539	NA	0.0033
4:15617658:C:T	rs12512883	NA	-0.0074
4:23746931:C:T	rs1491383	NA	-0.0036
4:38815502:A:C	rs4833103	NA	-5e-4
4:39378458:C:T	rs6531714	NA	-0.0034
4:55157124:C:T	rs140425604	NA	NA
4:77410318:C:A	rs4859682	NA	-0.001
4:81174592:G:A	rs13125101	NA	0.0056
4:88061353:A:G	rs17030453	NA	0.0132
4:89779909:G:A	rs2085600	NA	-0.0237
4:115519271:G:A	rs6849357	NA	0.007
4:122791601:G:C	rs2271176	NA	-0.0017
4:145025810:T:C	rs11723371	NA	0.0125
4:145574196:A:G	rs1844428	NA	-0.0112
5:480948:A:G	rs1043356	NA	-0.0025
5:1284135:C:T	rs4449583	NA	0.0077
5:52763859:T:C	rs72748110	NA	-0.0223
5:55810305:A:T	rs256904	NA	-0.0625
5:67616407:G:A	rs451157	NA	-0.0091
5:76001881:T:A	rs1689771	NA	-5e-4
5:88191635:C:T	rs2067663	NA	NA
5:111061883:A:G	rs56084922	NA	0.0012
5:111108996:T:C	rs62371570	NA	-0.0011
5:154353012:A:G	rs13165424	NA	-0.0068
5:156443066:A:G	rs4704834	NA	0.0024
5:173358154:G:A	rs6864691	NA	-0.0126
5:176784512:G:A	rs4075958	NA	0.0127
6:12294862:T:C	rs1794849	NA	-7e-4
6:15176258:T:G	rs35003605	NA	-0.0114
6:16281187:C:T	rs6914805	NA	-0.0111
6:27037080:C:T	rs13194491	NA	0.0162
6:29487181:T:C	rs72831470	NA	-0.0159
6:29915188:G:T	rs7763173	NA	-0.0046
6:31312538:G:A	rs2854008	NA	0.0066
6:32624377:G:A	rs567302488	NA	NA
6:41925159:G:A	rs9349205	NA	-0.004
6:42012159:C:T	rs4554318	NA	NA
6:43747450:G:A	rs3025009	NA	NA
6:43943605:A:G	rs1321098	NA	-0.0081
6:56723725:A:G	rs13215883	NA	-0.0101
6:90958502:G:A	rs905670	NA	0.0041
6:109590004:A:G	rs9487023	NA	0.004
6:111587266:T:C	rs11153279	NA	0.0086
6:121786091:A:C	rs12196049	NA	-0.0062
6:122905757:A:G	rs12055505	NA	0.0065
6:130375810:A:G	rs6900473	NA	-0.0167
6:135143334:A:G	rs9389230	NA	0.0013
6:135224753:C:A	rs6569976	NA	NA
6:135441165:T:C	rs9483789	NA	-0.0122
6:139828916:A:G	rs3861397	NA	-0.02
6:157288542:A:G	rs17322427	NA	4e-4
6:164478388:C:A	rs381500	NA	-0.0029
6:166182805:C:A	rs4305701	NA	0.0199
6:170563106:A:C	rs2860300	NA	-0.008
7:27206688:T:G	rs11773804	NA	-0.002
7:33096644:C:T	rs28623683	NA	NA
7:44872977:G:A	rs12155038	NA	-0.0072
7:50427982:G:A	rs6592965	NA	NA
7:50693858:G:A	rs10486757	NA	0.0137
7:56175718:G:C	rs2908545	NA	0.0126
7:69218337:T:C	rs6460528	NA	0.0058
7:91583334:C:T	rs418	NA	0.0014
7:98834127:G:A	rs10274646	NA	0.003
7:99873449:G:C	rs139409096	NA	-0.0101
7:100240296:A:G	rs2075672	NA	-0.0053
7:135346262:T:G	rs35150201	NA	-0.0073
7:150755173:T:G	rs2069443	NA	-0.0194
7:150953205:C:A	rs73169678	NA	0.0032
7:151413194:T:C	rs10224210	NA	0.0174
8:8890814:A:G	rs7853	NA	-0.0281
8:21791772:C:T	rs58141407	NA	-0.0172
8:23427928:G:A	rs2978482	NA	NA
8:40053605:C:A	rs10958605	NA	NA
8:47849363:A:G	rs11136097	NA	0.0036
8:61213806:T:G	rs1480335	NA	-0.0032
8:66886456:A:G	rs59282311	NA	3e-4
8:96072196:T:A	rs2599711	NA	-0.031
8:103231677:A:T	rs28928592	NA	0.0042
8:104392022:G:A	rs2917548	NA	-0.0212
8:106384772:G:A	rs13272834	NA	0.0033
8:116499686:A:T	rs2625673	NA	-0.0344
8:130624105:G:C	rs1991866	NA	-0.0018
9:4661574:C:G	rs10974716	NA	-0.0032
9:4849647:T:C	rs17803780	NA	0.0052
9:6301348:C:A	rs10815403	NA	0.0202
9:13980152:G:A	rs7875291	NA	-0.006
9:20890316:G:A	rs12379622	NA	0.0204
9:32435676:A:G	rs10758139	NA	0.0106
9:33116941:G:C	rs12352863	NA	NA
9:100740124:C:T	rs4743150	NA	0.0094
9:114702729:A:T	rs150425398	NA	-0.005
9:114887230:C:T	rs10981269	NA	-0.0032
9:116253001:A:G	rs185677279	NA	0.0013
9:130608296:T:G	rs10819312	NA	-0.0253
9:135866648:C:G	rs4962034	NA	0.0029
9:136146597:C:T	rs550057	NA	0.0469
9:136152009:G:A	rs8176635	NA	NA
10:3812082:A:C	rs12762783	NA	0.0081
10:3886904:A:G	rs61828723	NA	0.0081
10:45406608:T:C	rs2281841	NA	0.0134
10:45966422:G:A	rs901683	NA	0.0161
10:80805016:T:C	rs67372909	NA	-0.0071
10:90752018:A:C	rs6586163	NA	-0.0029
10:96166928:A:T	rs1749352	NA	0.0097
10:101308890:G:C	rs10786559	NA	0.0054
10:105639241:A:G	rs12573103	NA	-0.0079
10:119322805:G:A	rs111164520	NA	-0.0112
10:126658075:G:A	rs11245450	NA	NA
11:2366260:C:T	rs61871633	NA	NA
11:8890924:G:C	rs11042104	NA	-0.0021
11:8958291:C:T	rs371055740	NA	0.0164
11:19250164:C:A	rs10500844	NA	NA
11:30768678:C:T	rs10767873	NA	NA
11:33913568:T:C	rs2273799	NA	-0.002
11:61600342:A:C	rs174574	rs174578	-0.0241
11:67024534:C:T	rs7952436	NA	-0.0091
11:75447117:T:A	rs10899105	NA	0.0149
11:94886632:T:C	rs496321	NA	0.0036
11:108314363:C:A	rs4460776	NA	-0.0127
11:111267558:C:T	rs3168265	NA	-0.0027
11:113981241:A:G	rs17116384	NA	-0.0025
11:127941828:G:A	rs1940751	NA	-5e-4
12:2523772:T:A	rs16929368	NA	0.0129
12:48403839:T:A	rs78374304	NA	NA
12:53777171:A:G	rs3741651	NA	-0.0168
12:54685880:C:T	rs35979828	NA	NA
12:56486159:G:A	rs773116	NA	-0.0047
12:69220636:C:T	rs3730590	NA	-0.0073
12:88818479:C:G	rs6538148	NA	0.0014
12:91180019:C:G	rs2089111	NA	-0.0023
12:121096987:A:G	rs541619	NA	-9e-4
12:121105528:G:T	rs7313642	NA	NA
12:133105852:A:G	rs4242906	NA	0.0153
13:41254104:C:A	rs9549260	NA	NA
13:76055602:G:A	rs77685055	NA	0.0058
13:109422126:A:C	rs9521025	NA	-0.0027
14:34741677:T:C	rs1958598	NA	0.0112
14:35241254:G:A	rs113131010	NA	-0.021
14:37718177:G:A	rs8018823	NA	-0.0057
14:50923249:C:T	rs12881869	NA	-0.0088
14:64615253:C:G	rs3951150	NA	0.0061
14:65487694:T:C	rs11627485	NA	-0.0028
14:68462624:G:A	rs10139548	NA	-0.0013
14:74074804:C:T	rs10141401	NA	0.0045
14:91941141:T:C	rs11625753	NA	-0.0109
14:99698931:C:A	rs1257415	NA	NA
14:104007555:A:G	rs12885878	NA	-0.007
14:105759840:T:C	rs7149013	NA	-0.015
15:33356715:G:A	rs12904922	NA	0.0016
15:40306334:C:A	rs12050884	NA	NA
15:42770032:A:G	rs28886308	NA	0.0022
15:56540909:A:G	rs2682048	NA	-0.0051
15:65830518:C:T	rs2456015	NA	-0.0163
15:66067777:A:G	rs28498859	NA	0.002
15:72105544:A:G	rs2415120	NA	-7e-4
15:78566039:T:C	rs11856774	NA	0.0119
15:86252093:G:T	rs338533	NA	-0.0032
16:170328:C:T	rs2238368	NA	0.0099
16:542029:C:T	rs8050450	NA	NA
16:4295908:C:T	rs757461	NA	0.0037
16:28702943:A:T	rs202014106	NA	0.0249
16:31002720:G:A	rs8060857	NA	-0.0105
16:67967878:A:C	rs7187289	NA	0.0075
16:69657996:T:G	rs244420	NA	0.0433
16:71986995:G:A	rs12708919	NA	0.0094
16:74664743:T:C	rs7193541	NA	0.0039
16:88515192:G:A	rs71394099	NA	NA
16:88556622:C:T	rs11865281	NA	0.0398
17:7571752:T:G	rs78378222	NA	0.0314
17:7795529:G:A	rs4321249	NA	NA
17:8161149:C:T	rs4791641	NA	0.0104
17:16821625:G:A	rs4239138	NA	-0.0055
17:20002164:A:G	rs918227	NA	0.0093
17:27178761:C:T	rs9892942	NA	-0.0064
17:37772656:A:C	rs4795389	NA	0.0211
17:44091988:T:C	rs62062271	NA	0.0223
17:46143042:T:C	rs7209484	NA	0.0098
17:59269257:G:A	rs12940987	NA	-0.0136
17:61952673:G:A	rs2457679	NA	NA
17:71187273:A:G	rs1972989	NA	-0.004
17:76121864:A:G	rs2748427	NA	-0.023
17:76184224:G:C	rs73999671	NA	-0.0321
17:79761511:C:G	rs139027362	NA	0.0077
18:12886441:T:G	rs35954636	NA	-0.0012
18:43086180:C:G	rs2852313	NA	0.0023
18:43802778:A:G	rs12607898	NA	-0.0106
18:46460903:C:G	rs2337106	NA	-0.0095
19:807442:G:C	rs123698	NA	NA
19:1128312:A:G	rs10412207	NA	-0.0053
19:2163771:T:G	rs36065733	NA	0.0062
19:4070990:G:A	rs11085058	NA	-0.0037
19:12999458:C:T	rs8110787	NA	-0.0384
19:15432801:G:T	rs78081685	NA	NA
19:18637618:C:G	rs10420951	NA	0.0119
19:19366632:C:T	rs72999033	NA	0.081
19:33349295:T:C	rs2287880	NA	0.005
19:33750077:C:T	rs62126617	NA	0.0092
19:33754548:C:T	rs78744187	NA	NA
19:41204070:G:A	rs148614081	NA	NA
19:45742498:C:T	rs183657985	NA	0.0187
19:47590402:G:A	rs113304060	NA	NA
19:50118847:G:A	rs28567593	NA	7e-4
20:10619014:A:C	rs7828	NA	-0.0136
20:30250860:C:T	rs144791144	NA	-0.004
20:31219807:T:C	rs464063	NA	0.0142
20:42657325:A:G	rs6031303	NA	-0.0013
20:44558739:C:T	rs113963381	NA	NA
20:49101590:T:C	rs6126019	NA	0.004
20:55990656:T:C	rs6099616	NA	-0.001
20:61048549:G:A	rs41305803	NA	NA
20:62447662:T:C	rs4809361	NA	0.022
21:16790763:T:C	rs2242824	NA	0.0082
21:35093213:T:C	rs2834253	NA	-0.0028
21:36474453:C:T	rs9983374	NA	0.009
21:39837623:G:A	rs35042034	NA	NA
22:32861083:T:G	rs9606957	NA	-5e-4
22:46294075:A:G	rs28554123	NA	-0.0012
22:50971047:T:C	rs361725	NA	-0.0015
19:45416178:G:T	rs483082	rs438811	-0.0502
22:24997070:A:G	rs3859862	rs2006227	0.0166
15:58680643:G:T	rs35853021	rs261291	-0.0179
3:100219086:A:C	rs59771628	rs62276527	-0.0043
11:61557803:C:T	rs102275	rs99780	-0.0251
19:19717056:A:G	rs73004967	rs17217098	-0.0773
11:61569306:C:G	rs174545	rs174553	0.026
11:61604814:A:C	rs174577	rs174581	-0.0248
11:61569830:C:T	rs174546	rs174553	-0.0264
6:52702948:A:G	rs4144185	rs9370162	-0.018
11:61570783:C:T	rs174547	rs174551	-0.0259
7:17287106:A:G	rs6968554	rs2106727	-0.0155
8:18272535:C:T	rs35246381	rs1495741	-0.0233
15:58680639:C:T	rs2414578	rs2414577	-0.0172
7:150537635:A:G	rs62492368	rs7794796	0.0387
11:61567753:A:C	rs174544	rs174549	-0.0239
11:61589481:A:G	rs28456	rs174560	0.0246
7:17495669:C:T	rs1868361	rs2029056	-0.0123
8:18272377:C:T	rs4921913	rs1495741	-0.0234
22:19950235:C:T	rs4633	rs165722	0.0189
9:136146227:A:T	rs676457	rs545971	-0.0479
11:61603358:A:T	rs2727271	rs2727270	0.0342
11:75454878:A:T	rs498936	rs1219550	0.0248
19:19746151:G:T	rs2304128	rs12608729	0.0703
11:75450576:C:T	rs673335	rs498936	0.0248
19:45392254:C:T	rs6857	NA	0.0597
15:58723939:A:G	rs2070895	rs1077834	-0.0058
15:58709182:A:G	rs422137	rs5812935	-0.0179
